Date,AQI
2019-05-01 00:00:00+00:00,140
2019-05-02 00:00:00+00:00,214
2019-05-03 00:00:00+00:00,144
2019-05-04 00:00:00+00:00,130
2019-05-05 00:00:00+00:00,116
2019-05-06 00:00:00+00:00,109
2019-05-07 00:00:00+00:00,105
2019-05-08 00:00:00+00:00,101
2019-05-09 00:00:00+00:00,104
2019-05-10 00:00:00+00:00,80
2019-05-11 00:00:00+00:00,76
2019-05-12 00:00:00+00:00,94
2019-05-13 00:00:00+00:00,121
2019-05-14 00:00:00+00:00,108
2019-05-15 00:00:00+00:00,110
2019-05-16 00:00:00+00:00,96
2019-05-17 00:00:00+00:00,102
2019-05-18 00:00:00+00:00,108
2019-05-19 00:00:00+00:00,97
2019-05-20 00:00:00+00:00,95
2019-05-21 00:00:00+00:00,86
2019-05-22 00:00:00+00:00,88
2019-05-23 00:00:00+00:00,80
2019-05-24 00:00:00+00:00,104
2019-05-25 00:00:00+00:00,121
2019-05-26 00:00:00+00:00,120
2019-05-27 00:00:00+00:00,122
2019-05-28 00:00:00+00:00,116
2019-05-29 00:00:00+00:00,116
2019-05-30 00:00:00+00:00,117
2019-05-31 00:00:00+00:00,96
2019-06-01 00:00:00+00:00,104
2019-06-02 00:00:00+00:00,98
2019-06-03 00:00:00+00:00,98
2019-06-04 00:00:00+00:00,98
2019-06-05 00:00:00+00:00,98
2019-06-06 00:00:00+00:00,90
2019-06-07 00:00:00+00:00,100
2019-06-08 00:00:00+00:00,104
2019-06-09 00:00:00+00:00,102
2019-06-09 00:00:00+00:00,102
2019-06-11 00:00:00+00:00,89
2019-06-12 00:00:00+00:00,85
2019-06-13 00:00:00+00:00,109
2019-06-14 00:00:00+00:00,58
2019-06-15 00:00:00+00:00,75
2019-06-16 00:00:00+00:00,63
2019-06-17 00:00:00+00:00,72
2019-06-18 00:00:00+00:00,66
2019-06-19 00:00:00+00:00,48
2019-06-20 00:00:00+00:00,73
2019-06-21 00:00:00+00:00,75
2019-06-22 00:00:00+00:00,94
2019-06-23 00:00:00+00:00,86
2019-06-24 00:00:00+00:00,75
2019-06-25 00:00:00+00:00,86
2019-06-26 00:00:00+00:00,75
2019-06-27 00:00:00+00:00,84
2019-06-28 00:00:00+00:00,64
2019-06-29 00:00:00+00:00,63
2019-06-30 00:00:00+00:00,74
2019-07-01 00:00:00+00:00,88
2019-07-02 00:00:00+00:00,67
2019-07-03 00:00:00+00:00,79
2019-07-04 00:00:00+00:00,53
2019-07-05 00:00:00+00:00,65
2019-07-06 00:00:00+00:00,76
2019-07-07 00:00:00+00:00,76
2019-07-08 00:00:00+00:00,69
2019-07-09 00:00:00+00:00,87
2019-07-10 00:00:00+00:00,86
2019-07-11 00:00:00+00:00,93
2019-07-12 00:00:00+00:00,78
2019-07-13 00:00:00+00:00,77
2019-07-14 00:00:00+00:00,75
2019-07-15 00:00:00+00:00,82
2019-07-16 00:00:00+00:00,84
2019-07-17 00:00:00+00:00,71
2019-07-18 00:00:00+00:00,70
2019-07-19 00:00:00+00:00,76
2019-07-20 00:00:00+00:00,82
2019-07-21 00:00:00+00:00,83
2019-07-22 00:00:00+00:00,64
2019-07-23 00:00:00+00:00,41
2019-07-24 00:00:00+00:00,53
2019-07-25 00:00:00+00:00,52
2019-07-26 00:00:00+00:00,57
2019-07-27 00:00:00+00:00,62
2019-07-28 00:00:00+00:00,81
2019-07-29 00:00:00+00:00,75
2019-07-30 00:00:00+00:00,37
2019-07-31 00:00:00+00:00,34
2019-08-01 00:00:00+00:00,30
2019-08-02 00:00:00+00:00,46
2019-08-03 00:00:00+00:00,51
2019-08-04 00:00:00+00:00,55
2019-08-05 00:00:00+00:00,57
2019-08-06 00:00:00+00:00,75
2019-08-07 00:00:00+00:00,73
2019-08-08 00:00:00+00:00,84
2019-08-09 00:00:00+00:00,97
2019-08-10 00:00:00+00:00,49
2019-08-11 00:00:00+00:00,30
2019-08-12 00:00:00+00:00,48
2019-08-13 00:00:00+00:00,71
2019-08-14 00:00:00+00:00,91
2019-08-15 00:00:00+00:00,78
2019-08-16 00:00:00+00:00,36
2019-08-17 00:00:00+00:00,31
2019-08-18 00:00:00+00:00,45
2019-08-19 00:00:00+00:00,46
2019-08-20 00:00:00+00:00,55
2019-08-21 00:00:00+00:00,57
2019-08-22 00:00:00+00:00,68
2019-08-23 00:00:00+00:00,75
2019-08-24 00:00:00+00:00,67
2019-08-25 00:00:00+00:00,60
2019-08-26 00:00:00+00:00,52
2019-08-27 00:00:00+00:00,58
2019-08-28 00:00:00+00:00,54
2019-08-29 00:00:00+00:00,34
2019-08-30 00:00:00+00:00,55
2019-08-31 00:00:00+00:00,72
2019-09-01 00:00:00+00:00,62
2019-09-02 00:00:00+00:00,49
2019-09-03 00:00:00+00:00,47
2019-09-04 00:00:00+00:00,55
2019-09-05 00:00:00+00:00,38
2019-09-06 00:00:00+00:00,36
2019-09-07 00:00:00+00:00,51
2019-09-08 00:00:00+00:00,51
2019-09-09 00:00:00+00:00,33
2019-09-10 00:00:00+00:00,42
2019-09-11 00:00:00+00:00,40
2019-09-12 00:00:00+00:00,43
2019-09-13 00:00:00+00:00,50
2019-09-14 00:00:00+00:00,59
2019-09-15 00:00:00+00:00,46
2019-09-16 00:00:00+00:00,50
2019-09-17 00:00:00+00:00,54
2019-09-18 00:00:00+00:00,66
2019-09-19 00:00:00+00:00,69
2019-09-20 00:00:00+00:00,47
2019-09-21 00:00:00+00:00,31
2019-09-22 00:00:00+00:00,38
2019-09-23 00:00:00+00:00,46
2019-09-24 00:00:00+00:00,65
2019-09-25 00:00:00+00:00,64
2019-09-26 00:00:00+00:00,44
2019-09-27 00:00:00+00:00,53
2019-09-28 00:00:00+00:00,29
2019-09-29 00:00:00+00:00,34
2019-09-30 00:00:00+00:00,36
2019-10-01 00:00:00+00:00,26
2019-10-02 00:00:00+00:00,41
2019-10-03 00:00:00+00:00,62
2019-10-04 00:00:00+00:00,75
2019-10-05 00:00:00+00:00,76
2019-10-06 00:00:00+00:00,87
2019-10-07 00:00:00+00:00,59
2019-10-08 00:00:00+00:00,91
2019-10-09 00:00:00+00:00,85
2019-10-10 00:00:00+00:00,90
2019-10-11 00:00:00+00:00,96
2019-10-12 00:00:00+00:00,86
2019-10-13 00:00:00+00:00,95
2019-10-14 00:00:00+00:00,89
2019-10-15 00:00:00+00:00,124
2019-10-16 00:00:00+00:00,131
2019-10-17 00:00:00+00:00,120
2019-10-18 00:00:00+00:00,124
2019-10-19 00:00:00+00:00,115
2019-10-20 00:00:00+00:00,104
2019-10-21 00:00:00+00:00,95
2019-10-22 00:00:00+00:00,101
2019-10-23 00:00:00+00:00,109
2019-10-24 00:00:00+00:00,78
2019-10-25 00:00:00+00:00,135
2019-10-26 00:00:00+00:00,106
2019-10-27 00:00:00+00:00,98
2019-10-28 00:00:00+00:00,71
2019-10-29 00:00:00+00:00,59
2019-10-30 00:00:00+00:00,47
2019-10-31 00:00:00+00:00,79
2019-11-01 00:00:00+00:00,67
2019-11-02 00:00:00+00:00,77
2019-11-03 00:00:00+00:00,71
2019-11-04 00:00:00+00:00,57
2019-11-05 00:00:00+00:00,70
2019-11-06 00:00:00+00:00,105
2019-11-07 00:00:00+00:00,123
2019-11-08 00:00:00+00:00,52
2019-11-09 00:00:00+00:00,82
2019-11-10 00:00:00+00:00,101
2019-11-11 00:00:00+00:00,160
2019-11-12 00:00:00+00:00,169
2019-11-13 00:00:00+00:00,163
2019-11-14 00:00:00+00:00,104
2019-11-15 00:00:00+00:00,100
2019-11-16 00:00:00+00:00,82
2019-11-17 00:00:00+00:00,107
2019-11-18 00:00:00+00:00,111
2019-11-19 00:00:00+00:00,76
2019-11-20 00:00:00+00:00,74
2019-11-21 00:00:00+00:00,71
2019-11-22 00:00:00+00:00,61
2019-11-23 00:00:00+00:00,76
2019-11-24 00:00:00+00:00,81
2019-11-25 00:00:00+00:00,81
2019-11-26 00:00:00+00:00,77
2019-11-27 00:00:00+00:00,80
2019-11-28 00:00:00+00:00,72
2019-11-29 00:00:00+00:00,64
2019-11-30 00:00:00+00:00,65
2019-12-01 00:00:00+00:00,74
2019-12-02 00:00:00+00:00,61
2019-12-03 00:00:00+00:00,59
2019-12-04 00:00:00+00:00,68
2019-12-05 00:00:00+00:00,63
2019-12-06 00:00:00+00:00,69
2019-12-07 00:00:00+00:00,74
2019-12-08 00:00:00+00:00,90
2019-12-09 00:00:00+00:00,85
2019-12-10 00:00:00+00:00,87
2019-12-11 00:00:00+00:00,96
2019-12-12 00:00:00+00:00,77
2019-12-13 00:00:00+00:00,64
2019-12-14 00:00:00+00:00,43
2019-12-15 00:00:00+00:00,68
2019-12-16 00:00:00+00:00,59
2019-12-17 00:00:00+00:00,70
2019-12-18 00:00:00+00:00,66
2019-12-19 00:00:00+00:00,79
2019-12-20 00:00:00+00:00,92
2019-12-21 00:00:00+00:00,88
2019-12-22 00:00:00+00:00,63
2019-12-23 00:00:00+00:00,55
2019-12-24 00:00:00+00:00,63
2019-12-25 00:00:00+00:00,79
2019-12-26 00:00:00+00:00,81
2019-12-27 00:00:00+00:00,81
2019-12-27 00:00:00+00:00,81
2019-12-27 00:00:00+00:00,81
2019-12-27 00:00:00+00:00,81
2019-12-31 00:00:00+00:00,80
2020-01-01 00:00:00+00:00,81
2020-01-02 00:00:00+00:00,86
2020-01-03 00:00:00+00:00,74
2020-01-04 00:00:00+00:00,79
2020-01-05 00:00:00+00:00,83
2020-01-05 00:00:00+00:00,83
2020-01-07 00:00:00+00:00,77
2020-01-08 00:00:00+00:00,72
2020-01-09 00:00:00+00:00,67
2020-01-10 00:00:00+00:00,60
2020-01-11 00:00:00+00:00,61
2020-01-12 00:00:00+00:00,51
2020-01-13 00:00:00+00:00,50
2020-01-14 00:00:00+00:00,84
2020-01-15 00:00:00+00:00,42
2020-01-16 00:00:00+00:00,56
2020-01-17 00:00:00+00:00,67
2020-01-18 00:00:00+00:00,86
2020-01-19 00:00:00+00:00,75
2020-01-20 00:00:00+00:00,67
2020-01-21 00:00:00+00:00,65
2020-01-22 00:00:00+00:00,68
2020-01-23 00:00:00+00:00,71
2020-01-24 00:00:00+00:00,64
2020-01-25 00:00:00+00:00,62
2020-01-26 00:00:00+00:00,79
2020-01-27 00:00:00+00:00,107
2020-01-28 00:00:00+00:00,82
2020-01-29 00:00:00+00:00,48
2020-01-30 00:00:00+00:00,54
2020-01-31 00:00:00+00:00,64
2020-02-01 00:00:00+00:00,84
2020-02-02 00:00:00+00:00,79
2020-02-03 00:00:00+00:00,73
2020-02-04 00:00:00+00:00,80
2020-02-05 00:00:00+00:00,86
2020-02-06 00:00:00+00:00,92
2020-02-07 00:00:00+00:00,72
2020-02-08 00:00:00+00:00,96
2020-02-09 00:00:00+00:00,94
2020-02-10 00:00:00+00:00,71
2020-02-11 00:00:00+00:00,84
2020-02-12 00:00:00+00:00,100
2020-02-13 00:00:00+00:00,116
2020-02-14 00:00:00+00:00,94
2020-02-15 00:00:00+00:00,80
2020-02-16 00:00:00+00:00,97
2020-02-17 00:00:00+00:00,94
2020-02-18 00:00:00+00:00,80
2020-02-19 00:00:00+00:00,105
2020-02-20 00:00:00+00:00,124
2020-02-21 00:00:00+00:00,125
2020-02-22 00:00:00+00:00,84
2020-02-23 00:00:00+00:00,73
2020-02-24 00:00:00+00:00,86
2020-02-25 00:00:00+00:00,95
2020-02-26 00:00:00+00:00,102
2020-02-27 00:00:00+00:00,118
2020-02-28 00:00:00+00:00,131
2020-02-29 00:00:00+00:00,122
2020-03-01 00:00:00+00:00,90
2020-03-02 00:00:00+00:00,81
2020-03-03 00:00:00+00:00,77
2020-03-04 00:00:00+00:00,91
2020-03-05 00:00:00+00:00,74
2020-03-06 00:00:00+00:00,81
2020-03-07 00:00:00+00:00,73
2020-03-08 00:00:00+00:00,78
2020-03-09 00:00:00+00:00,74
2020-03-10 00:00:00+00:00,66
2020-03-11 00:00:00+00:00,75
2020-03-12 00:00:00+00:00,67
2020-03-13 00:00:00+00:00,77
2020-03-14 00:00:00+00:00,92
2020-03-15 00:00:00+00:00,84
2020-03-16 00:00:00+00:00,88
2020-03-17 00:00:00+00:00,75
2020-03-18 00:00:00+00:00,93
2020-03-19 00:00:00+00:00,86
2020-03-20 00:00:00+00:00,100
2020-03-21 00:00:00+00:00,75
2020-03-22 00:00:00+00:00,84
2020-03-23 00:00:00+00:00,87
2020-03-24 00:00:00+00:00,79
2020-03-25 00:00:00+00:00,73
2020-03-26 00:00:00+00:00,73
2020-03-27 00:00:00+00:00,74
2020-03-28 00:00:00+00:00,34
2020-03-29 00:00:00+00:00,52
2020-03-30 00:00:00+00:00,54
2020-03-31 00:00:00+00:00,57
2020-04-01 00:00:00+00:00,73
2020-04-02 00:00:00+00:00,72
2020-04-03 00:00:00+00:00,63
2020-04-03 00:00:00+00:00,63
2020-04-03 00:00:00+00:00,63
2020-04-03 00:00:00+00:00,63
2020-04-07 00:00:00+00:00,70
2020-04-08 00:00:00+00:00,78
2020-04-09 00:00:00+00:00,91
2020-04-10 00:00:00+00:00,76
2020-04-11 00:00:00+00:00,67
2020-04-12 00:00:00+00:00,63
2020-04-13 00:00:00+00:00,62
2020-04-14 00:00:00+00:00,54
2020-04-15 00:00:00+00:00,58
2020-04-16 00:00:00+00:00,59
2020-04-17 00:00:00+00:00,74
2020-04-18 00:00:00+00:00,73
2020-04-19 00:00:00+00:00,62
2020-04-20 00:00:00+00:00,53
2020-04-21 00:00:00+00:00,54
2020-04-22 00:00:00+00:00,63
2020-04-23 00:00:00+00:00,73
2020-04-24 00:00:00+00:00,73
2020-04-25 00:00:00+00:00,60
2020-04-26 00:00:00+00:00,68
2020-04-27 00:00:00+00:00,64
2020-04-28 00:00:00+00:00,64
2020-04-29 00:00:00+00:00,80
2020-04-30 00:00:00+00:00,66
2020-05-01 00:00:00+00:00,65
2020-05-02 00:00:00+00:00,84
2020-05-03 00:00:00+00:00,50
2020-05-04 00:00:00+00:00,55
2020-05-05 00:00:00+00:00,60
2020-05-06 00:00:00+00:00,103
2020-05-07 00:00:00+00:00,79
2020-05-08 00:00:00+00:00,55
2020-05-09 00:00:00+00:00,50
2020-05-10 00:00:00+00:00,50
2020-05-11 00:00:00+00:00,52
2020-05-12 00:00:00+00:00,57
2020-05-13 00:00:00+00:00,70
2020-05-14 00:00:00+00:00,70
2020-05-15 00:00:00+00:00,61
2020-05-16 00:00:00+00:00,59
2020-05-17 00:00:00+00:00,98
2020-05-18 00:00:00+00:00,66
2020-05-19 00:00:00+00:00,67
2020-05-20 00:00:00+00:00,49
2020-05-21 00:00:00+00:00,68
2020-05-22 00:00:00+00:00,72
2020-05-23 00:00:00+00:00,72
2020-05-24 00:00:00+00:00,72
2020-05-25 00:00:00+00:00,58
2020-05-26 00:00:00+00:00,70
2020-05-27 00:00:00+00:00,75
2020-05-28 00:00:00+00:00,85
2020-05-29 00:00:00+00:00,80
2020-05-30 00:00:00+00:00,64
2020-05-31 00:00:00+00:00,47
2020-06-01 00:00:00+00:00,56
2020-06-02 00:00:00+00:00,80
2020-06-03 00:00:00+00:00,47
2020-06-04 00:00:00+00:00,57
2020-06-05 00:00:00+00:00,52
2020-06-06 00:00:00+00:00,57
2020-06-07 00:00:00+00:00,36
2020-06-08 00:00:00+00:00,37
2020-06-09 00:00:00+00:00,34
2020-06-10 00:00:00+00:00,40
2020-06-11 00:00:00+00:00,68
2020-06-12 00:00:00+00:00,46
2020-06-13 00:00:00+00:00,64
2020-06-14 00:00:00+00:00,38
2020-06-15 00:00:00+00:00,42
2020-06-16 00:00:00+00:00,40
2020-06-17 00:00:00+00:00,68
2020-06-18 00:00:00+00:00,52
2020-06-19 00:00:00+00:00,30
2020-06-20 00:00:00+00:00,49
2020-06-21 00:00:00+00:00,64
2020-06-22 00:00:00+00:00,55
2020-06-23 00:00:00+00:00,42
2020-06-24 00:00:00+00:00,48
2020-06-25 00:00:00+00:00,32
2020-06-26 00:00:00+00:00,46
2020-06-27 00:00:00+00:00,67
2020-06-28 00:00:00+00:00,60
2020-06-29 00:00:00+00:00,56
2020-06-30 00:00:00+00:00,49
2020-07-01 00:00:00+00:00,42
2020-07-02 00:00:00+00:00,42
2020-07-03 00:00:00+00:00,39
2020-07-04 00:00:00+00:00,66
2020-07-05 00:00:00+00:00,46
2020-07-06 00:00:00+00:00,62
2020-07-07 00:00:00+00:00,41
2020-07-08 00:00:00+00:00,41
2020-07-09 00:00:00+00:00,44
2020-07-10 00:00:00+00:00,45
2020-07-11 00:00:00+00:00,34
2020-07-12 00:00:00+00:00,33
2020-07-13 00:00:00+00:00,28
2020-07-14 00:00:00+00:00,44
2020-07-15 00:00:00+00:00,49
2020-07-16 00:00:00+00:00,44
2020-07-17 00:00:00+00:00,44
2020-07-18 00:00:00+00:00,34
2020-07-19 00:00:00+00:00,30
2020-07-20 00:00:00+00:00,37
2020-07-21 00:00:00+00:00,42
2020-07-22 00:00:00+00:00,49
2020-07-23 00:00:00+00:00,58
2020-07-24 00:00:00+00:00,55
2020-07-25 00:00:00+00:00,77
2020-07-26 00:00:00+00:00,60
2020-07-27 00:00:00+00:00,43
2020-07-28 00:00:00+00:00,29
2020-07-29 00:00:00+00:00,39
2020-07-30 00:00:00+00:00,59
2020-07-31 00:00:00+00:00,55
2020-08-01 00:00:00+00:00,53
2020-08-02 00:00:00+00:00,50
2020-08-03 00:00:00+00:00,44
2020-08-04 00:00:00+00:00,32
2020-08-05 00:00:00+00:00,31
2020-08-06 00:00:00+00:00,42
2020-08-07 00:00:00+00:00,33
2020-08-08 00:00:00+00:00,38
2020-08-09 00:00:00+00:00,48
2020-08-10 00:00:00+00:00,33
2020-08-11 00:00:00+00:00,36
2020-08-12 00:00:00+00:00,42
2020-08-13 00:00:00+00:00,23
2020-08-14 00:00:00+00:00,22
2020-08-15 00:00:00+00:00,30
2020-08-16 00:00:00+00:00,31
2020-08-17 00:00:00+00:00,31
2020-08-18 00:00:00+00:00,34
2020-08-19 00:00:00+00:00,26
2020-08-19 00:00:00+00:00,26
2020-08-21 00:00:00+00:00,29
2020-08-22 00:00:00+00:00,32
2020-08-23 00:00:00+00:00,29
2020-08-24 00:00:00+00:00,23
2020-08-25 00:00:00+00:00,23
2020-08-26 00:00:00+00:00,31
2020-08-27 00:00:00+00:00,37
2020-08-28 00:00:00+00:00,42
2020-08-29 00:00:00+00:00,35
2020-08-30 00:00:00+00:00,38
2020-08-31 00:00:00+00:00,30
2020-09-01 00:00:00+00:00,25
2020-09-02 00:00:00+00:00,46
2020-09-03 00:00:00+00:00,53
2020-09-04 00:00:00+00:00,62
2020-09-05 00:00:00+00:00,57
2020-09-06 00:00:00+00:00,67
2020-09-07 00:00:00+00:00,61
2020-09-08 00:00:00+00:00,56
2020-09-09 00:00:00+00:00,61
2020-09-10 00:00:00+00:00,64
2020-09-11 00:00:00+00:00,64
2020-09-12 00:00:00+00:00,66
2020-09-13 00:00:00+00:00,34
2020-09-14 00:00:00+00:00,35
2020-09-15 00:00:00+00:00,35
2020-09-16 00:00:00+00:00,43
2020-09-17 00:00:00+00:00,57
2020-09-18 00:00:00+00:00,48
2020-09-19 00:00:00+00:00,58
2020-09-20 00:00:00+00:00,68
2020-09-21 00:00:00+00:00,39
2020-09-22 00:00:00+00:00,39
2020-09-23 00:00:00+00:00,67
2020-09-24 00:00:00+00:00,77
2020-09-25 00:00:00+00:00,52
2020-09-26 00:00:00+00:00,66
2020-09-27 00:00:00+00:00,61
2020-09-28 00:00:00+00:00,55
2020-09-29 00:00:00+00:00,65
2020-09-30 00:00:00+00:00,70
2020-10-01 00:00:00+00:00,60
2020-10-02 00:00:00+00:00,71
2020-10-03 00:00:00+00:00,64
2020-10-04 00:00:00+00:00,60
2020-10-05 00:00:00+00:00,67
2020-10-06 00:00:00+00:00,71
2020-10-07 00:00:00+00:00,71
2020-10-08 00:00:00+00:00,80
2020-10-09 00:00:00+00:00,80
2020-10-10 00:00:00+00:00,83
2020-10-11 00:00:00+00:00,89
2020-10-12 00:00:00+00:00,92
2020-10-13 00:00:00+00:00,97
2020-10-14 00:00:00+00:00,102
2020-10-15 00:00:00+00:00,86
2020-10-16 00:00:00+00:00,78
2020-10-17 00:00:00+00:00,61
2020-10-18 00:00:00+00:00,46
2020-10-19 00:00:00+00:00,60
2020-10-20 00:00:00+00:00,71
2020-10-21 00:00:00+00:00,76
2020-10-21 00:00:00+00:00,76
2020-10-21 00:00:00+00:00,76
2020-10-24 00:00:00+00:00,84
2020-10-25 00:00:00+00:00,95
2020-10-26 00:00:00+00:00,83
2020-10-27 00:00:00+00:00,79
2020-10-28 00:00:00+00:00,96
2020-10-29 00:00:00+00:00,97
2020-10-30 00:00:00+00:00,98
2020-10-31 00:00:00+00:00,79
2020-11-01 00:00:00+00:00,97
2020-11-02 00:00:00+00:00,115
2020-11-03 00:00:00+00:00,123
2020-11-04 00:00:00+00:00,104
2020-11-05 00:00:00+00:00,101
2020-11-06 00:00:00+00:00,90
2020-11-07 00:00:00+00:00,98
2020-11-08 00:00:00+00:00,81
2020-11-09 00:00:00+00:00,101
2020-11-10 00:00:00+00:00,132
2020-11-11 00:00:00+00:00,99
2020-11-12 00:00:00+00:00,120
2020-11-13 00:00:00+00:00,152
2020-11-14 00:00:00+00:00,95
2020-11-15 00:00:00+00:00,100
2020-11-16 00:00:00+00:00,90
2020-11-17 00:00:00+00:00,84
2020-11-18 00:00:00+00:00,93
2020-11-19 00:00:00+00:00,91
2020-11-20 00:00:00+00:00,80
2020-11-21 00:00:00+00:00,84
2020-11-22 00:00:00+00:00,88
2020-11-23 00:00:00+00:00,92
2020-11-24 00:00:00+00:00,100
2020-11-25 00:00:00+00:00,130
2020-11-26 00:00:00+00:00,120
2020-11-27 00:00:00+00:00,102
2020-11-28 00:00:00+00:00,88
2020-11-29 00:00:00+00:00,65
2020-11-30 00:00:00+00:00,73
2020-12-01 00:00:00+00:00,99
2020-12-02 00:00:00+00:00,103
2020-12-03 00:00:00+00:00,109
2020-12-04 00:00:00+00:00,112
2020-12-05 00:00:00+00:00,120
2020-12-06 00:00:00+00:00,134
2020-12-07 00:00:00+00:00,127
2020-12-08 00:00:00+00:00,130
2020-12-09 00:00:00+00:00,122
2020-12-10 00:00:00+00:00,121
2020-12-11 00:00:00+00:00,122
2020-12-12 00:00:00+00:00,61
2020-12-13 00:00:00+00:00,73
2020-12-14 00:00:00+00:00,102
2020-12-15 00:00:00+00:00,145
2020-12-16 00:00:00+00:00,121
2020-12-17 00:00:00+00:00,89
2020-12-18 00:00:00+00:00,95
2020-12-19 00:00:00+00:00,92
2020-12-20 00:00:00+00:00,74
2020-12-21 00:00:00+00:00,64
2020-12-22 00:00:00+00:00,74
2020-12-23 00:00:00+00:00,89
2020-12-24 00:00:00+00:00,106
2020-12-25 00:00:00+00:00,98
2020-12-26 00:00:00+00:00,90
2020-12-27 00:00:00+00:00,95
2020-12-28 00:00:00+00:00,119
2020-12-29 00:00:00+00:00,135
2020-12-30 00:00:00+00:00,104
2020-12-31 00:00:00+00:00,91
2021-01-01 00:00:00+00:00,85
2021-01-02 00:00:00+00:00,92
2021-01-03 00:00:00+00:00,105
2021-01-04 00:00:00+00:00,98
2021-01-05 00:00:00+00:00,140
2021-01-06 00:00:00+00:00,122
2021-01-07 00:00:00+00:00,100
2021-01-08 00:00:00+00:00,85
2021-01-09 00:00:00+00:00,91
2021-01-10 00:00:00+00:00,90
2021-01-11 00:00:00+00:00,82
2021-01-12 00:00:00+00:00,75
2021-01-13 00:00:00+00:00,83
2021-01-14 00:00:00+00:00,84
2021-01-15 00:00:00+00:00,60
2021-01-16 00:00:00+00:00,56
2021-01-17 00:00:00+00:00,86
2021-01-18 00:00:00+00:00,107
2021-01-19 00:00:00+00:00,108
2021-01-20 00:00:00+00:00,101
2021-01-21 00:00:00+00:00,113
2021-01-22 00:00:00+00:00,104
2021-01-23 00:00:00+00:00,102
2021-01-24 00:00:00+00:00,95
2021-01-25 00:00:00+00:00,143
2021-01-26 00:00:00+00:00,115
2021-01-27 00:00:00+00:00,88
2021-01-28 00:00:00+00:00,88
2021-01-29 00:00:00+00:00,89
2021-01-30 00:00:00+00:00,90
2021-01-31 00:00:00+00:00,87
2021-02-01 00:00:00+00:00,90
2021-02-02 00:00:00+00:00,94
2021-02-03 00:00:00+00:00,114
2021-02-04 00:00:00+00:00,112
2021-02-05 00:00:00+00:00,107
2021-02-06 00:00:00+00:00,87
2021-02-07 00:00:00+00:00,88
2021-02-08 00:00:00+00:00,83
2021-02-09 00:00:00+00:00,85
2021-02-10 00:00:00+00:00,96
2021-02-11 00:00:00+00:00,106
2021-02-12 00:00:00+00:00,107
2021-02-13 00:00:00+00:00,112
2021-02-14 00:00:00+00:00,106
2021-02-15 00:00:00+00:00,120
2021-02-16 00:00:00+00:00,98
2021-02-17 00:00:00+00:00,90
2021-02-18 00:00:00+00:00,114
2021-02-19 00:00:00+00:00,95
2021-02-20 00:00:00+00:00,78
2021-02-21 00:00:00+00:00,67
2021-02-22 00:00:00+00:00,85
2021-02-23 00:00:00+00:00,103
2021-02-24 00:00:00+00:00,106
2021-02-25 00:00:00+00:00,125
2021-02-26 00:00:00+00:00,100
2021-02-27 00:00:00+00:00,104
2021-02-28 00:00:00+00:00,93
2021-03-01 00:00:00+00:00,110
2021-03-02 00:00:00+00:00,109
2021-03-03 00:00:00+00:00,104
2021-03-04 00:00:00+00:00,92
2021-03-05 00:00:00+00:00,103
2021-03-06 00:00:00+00:00,115
2021-03-07 00:00:00+00:00,104
2021-03-08 00:00:00+00:00,74
2021-03-09 00:00:00+00:00,73
2021-03-10 00:00:00+00:00,80
2021-03-11 00:00:00+00:00,88
2021-03-12 00:00:00+00:00,93
2021-03-13 00:00:00+00:00,78
2021-03-14 00:00:00+00:00,73
2021-03-15 00:00:00+00:00,85
2021-03-16 00:00:00+00:00,74
2021-03-17 00:00:00+00:00,90
2021-03-18 00:00:00+00:00,86
2021-03-19 00:00:00+00:00,73
2021-03-20 00:00:00+00:00,113
2021-03-21 00:00:00+00:00,123
2021-03-22 00:00:00+00:00,126
2021-03-23 00:00:00+00:00,114
2021-03-24 00:00:00+00:00,117
2021-03-25 00:00:00+00:00,109
2021-03-26 00:00:00+00:00,82
2021-03-27 00:00:00+00:00,78
2021-03-28 00:00:00+00:00,79
2021-03-29 00:00:00+00:00,74
2021-03-30 00:00:00+00:00,76
2021-03-31 00:00:00+00:00,78
2021-04-01 00:00:00+00:00,122
2021-04-02 00:00:00+00:00,110
2021-04-03 00:00:00+00:00,95
2021-04-04 00:00:00+00:00,95
2021-04-05 00:00:00+00:00,87
2021-04-06 00:00:00+00:00,91
2021-04-07 00:00:00+00:00,89
2021-04-08 00:00:00+00:00,86
2021-04-09 00:00:00+00:00,89
2021-04-10 00:00:00+00:00,101
2021-04-11 00:00:00+00:00,87
2021-04-12 00:00:00+00:00,82
2021-04-13 00:00:00+00:00,88
2021-04-14 00:00:00+00:00,67
2021-04-15 00:00:00+00:00,58
2021-04-16 00:00:00+00:00,55
2021-04-17 00:00:00+00:00,70
2021-04-18 00:00:00+00:00,103
2021-04-19 00:00:00+00:00,89
2021-04-20 00:00:00+00:00,64
2021-04-21 00:00:00+00:00,70
2021-04-22 00:00:00+00:00,101
2021-04-23 00:00:00+00:00,80
2021-04-24 00:00:00+00:00,69
2021-04-25 00:00:00+00:00,73
2021-04-26 00:00:00+00:00,63
2021-04-27 00:00:00+00:00,71
2021-04-28 00:00:00+00:00,94
2021-04-29 00:00:00+00:00,61
2021-04-30 00:00:00+00:00,54
2021-05-01 00:00:00+00:00,47
2021-05-02 00:00:00+00:00,59
2021-05-03 00:00:00+00:00,49
2021-05-04 00:00:00+00:00,44
2021-05-05 00:00:00+00:00,47
2021-05-06 00:00:00+00:00,43
2021-05-07 00:00:00+00:00,50
2021-05-08 00:00:00+00:00,50
2021-05-09 00:00:00+00:00,82
2021-05-10 00:00:00+00:00,70
2021-05-11 00:00:00+00:00,40
2021-05-12 00:00:00+00:00,40
2021-05-13 00:00:00+00:00,47
2021-05-14 00:00:00+00:00,48
2021-05-15 00:00:00+00:00,54
2021-05-16 00:00:00+00:00,61
2021-05-17 00:00:00+00:00,73
2021-05-18 00:00:00+00:00,43
2021-05-19 00:00:00+00:00,42
2021-05-20 00:00:00+00:00,29
2021-05-21 00:00:00+00:00,61
2021-05-22 00:00:00+00:00,67
2021-05-23 00:00:00+00:00,67
2021-05-24 00:00:00+00:00,67
2021-05-25 00:00:00+00:00,62
2021-05-25 00:00:00+00:00,62
2021-05-25 00:00:00+00:00,62
2021-05-25 00:00:00+00:00,62
2021-05-25 00:00:00+00:00,62
2021-05-25 00:00:00+00:00,62
2021-05-25 00:00:00+00:00,62
2021-05-25 00:00:00+00:00,62
2021-05-25 00:00:00+00:00,62
2021-05-25 00:00:00+00:00,62
2021-05-25 00:00:00+00:00,62
2021-06-05 00:00:00+00:00,59
2021-06-06 00:00:00+00:00,61
2021-06-06 00:00:00+00:00,61
2021-06-06 00:00:00+00:00,61
2021-06-09 00:00:00+00:00,50
2021-06-10 00:00:00+00:00,57
2021-06-10 00:00:00+00:00,57
2021-06-12 00:00:00+00:00,47
2021-06-12 00:00:00+00:00,47
2021-06-12 00:00:00+00:00,47
2021-06-12 00:00:00+00:00,47
2021-06-12 00:00:00+00:00,46
2021-06-12 00:00:00+00:00,46
2021-06-12 00:00:00+00:00,46
2021-06-19 00:00:00+00:00,89
2021-06-20 00:00:00+00:00,46
2021-06-21 00:00:00+00:00,52
2021-06-22 00:00:00+00:00,93
2021-06-23 00:00:00+00:00,103
2021-06-24 00:00:00+00:00,109
2021-06-25 00:00:00+00:00,80
2021-06-26 00:00:00+00:00,70
2021-06-27 00:00:00+00:00,66
2021-06-28 00:00:00+00:00,62
2021-06-29 00:00:00+00:00,59
2021-06-30 00:00:00+00:00,61
2021-07-01 00:00:00+00:00,54
2021-07-02 00:00:00+00:00,57
2021-07-03 00:00:00+00:00,57
2021-07-04 00:00:00+00:00,53
2021-07-05 00:00:00+00:00,56
2021-07-06 00:00:00+00:00,53
2021-07-07 00:00:00+00:00,56
2021-07-08 00:00:00+00:00,62
2021-07-09 00:00:00+00:00,67
2021-07-10 00:00:00+00:00,65
2021-07-11 00:00:00+00:00,59
2021-07-12 00:00:00+00:00,52
2021-07-13 00:00:00+00:00,43
2021-07-14 00:00:00+00:00,26
2021-07-15 00:00:00+00:00,30
2021-07-16 00:00:00+00:00,39
2021-07-17 00:00:00+00:00,35
2021-07-18 00:00:00+00:00,37
2021-07-19 00:00:00+00:00,28
2021-07-20 00:00:00+00:00,49
2021-07-21 00:00:00+00:00,48
2021-07-22 00:00:00+00:00,47
2021-07-23 00:00:00+00:00,77
2021-07-24 00:00:00+00:00,99
2021-07-25 00:00:00+00:00,60
2021-07-26 00:00:00+00:00,44
2021-07-27 00:00:00+00:00,35
2021-07-28 00:00:00+00:00,50
2021-07-29 00:00:00+00:00,41
2021-07-30 00:00:00+00:00,44
2021-07-30 00:00:00+00:00,44
2021-07-30 00:00:00+00:00,44
2021-07-30 00:00:00+00:00,44
2021-07-30 00:00:00+00:00,44
2021-07-30 00:00:00+00:00,44
2021-07-30 00:00:00+00:00,44
2021-07-30 00:00:00+00:00,44
2021-07-30 00:00:00+00:00,44
2021-07-30 00:00:00+00:00,44
2021-07-30 00:00:00+00:00,44
2021-07-30 00:00:00+00:00,44
2021-07-30 00:00:00+00:00,44
2021-07-30 00:00:00+00:00,44
2021-07-30 00:00:00+00:00,44
2021-07-30 00:00:00+00:00,44
2021-07-30 00:00:00+00:00,44
2021-07-30 00:00:00+00:00,44
2021-08-17 00:00:00+00:00,40
2021-08-18 00:00:00+00:00,49
2021-08-18 00:00:00+00:00,57
2021-08-20 00:00:00+00:00,66
2021-08-21 00:00:00+00:00,75
2021-08-22 00:00:00+00:00,69
2021-08-23 00:00:00+00:00,65
2021-08-24 00:00:00+00:00,50
2021-08-25 00:00:00+00:00,53
2021-08-26 00:00:00+00:00,51
2021-08-27 00:00:00+00:00,67
2021-08-28 00:00:00+00:00,83
2021-08-29 00:00:00+00:00,80
2021-08-30 00:00:00+00:00,79
2021-08-31 00:00:00+00:00,56
2021-09-01 00:00:00+00:00,29
2021-09-02 00:00:00+00:00,29
2021-09-03 00:00:00+00:00,29
2021-09-04 00:00:00+00:00,34
2021-09-05 00:00:00+00:00,41
2021-09-06 00:00:00+00:00,46
2021-09-07 00:00:00+00:00,60
2021-09-08 00:00:00+00:00,44
2021-09-09 00:00:00+00:00,43
2021-09-10 00:00:00+00:00,28
2021-09-11 00:00:00+00:00,34
2021-09-12 00:00:00+00:00,39
2021-09-13 00:00:00+00:00,34
2021-09-14 00:00:00+00:00,32
2021-09-15 00:00:00+00:00,23
2021-09-16 00:00:00+00:00,23
2021-09-17 00:00:00+00:00,57
2021-09-18 00:00:00+00:00,41
2021-09-19 00:00:00+00:00,36
2021-09-20 00:00:00+00:00,34
2021-09-21 00:00:00+00:00,35
2021-09-22 00:00:00+00:00,40
2021-09-23 00:00:00+00:00,46
2021-09-24 00:00:00+00:00,41
2021-09-25 00:00:00+00:00,48
2021-09-26 00:00:00+00:00,45
2021-09-27 00:00:00+00:00,37
2021-09-28 00:00:00+00:00,44
2021-09-29 00:00:00+00:00,48
2021-09-30 00:00:00+00:00,28
2021-10-01 00:00:00+00:00,21
2021-10-02 00:00:00+00:00,54
2021-10-03 00:00:00+00:00,81
2021-10-04 00:00:00+00:00,72
2021-10-05 00:00:00+00:00,64
2021-10-06 00:00:00+00:00,71
2021-10-07 00:00:00+00:00,69
2021-10-08 00:00:00+00:00,66
2021-10-09 00:00:00+00:00,81
2021-10-10 00:00:00+00:00,92
2021-10-11 00:00:00+00:00,77
2021-10-12 00:00:00+00:00,103
2021-10-13 00:00:00+00:00,88
2021-10-14 00:00:00+00:00,80
2021-10-15 00:00:00+00:00,95
2021-10-16 00:00:00+00:00,96
2021-10-17 00:00:00+00:00,121
2021-10-18 00:00:00+00:00,88
2021-10-19 00:00:00+00:00,89
2021-10-20 00:00:00+00:00,89
2021-10-21 00:00:00+00:00,97
2021-10-22 00:00:00+00:00,92
2021-10-23 00:00:00+00:00,80
2021-10-24 00:00:00+00:00,58
2021-10-25 00:00:00+00:00,65
2021-10-26 00:00:00+00:00,101
2021-10-27 00:00:00+00:00,117
2021-10-28 00:00:00+00:00,105
2021-10-29 00:00:00+00:00,96
2021-10-30 00:00:00+00:00,111
2021-10-31 00:00:00+00:00,113
2021-11-01 00:00:00+00:00,107
2021-11-02 00:00:00+00:00,116
2021-11-03 00:00:00+00:00,89
2021-11-04 00:00:00+00:00,79
2021-11-05 00:00:00+00:00,93
2021-11-06 00:00:00+00:00,106
2021-11-07 00:00:00+00:00,93
2021-11-08 00:00:00+00:00,90
2021-11-09 00:00:00+00:00,95
2021-11-10 00:00:00+00:00,96
2021-11-11 00:00:00+00:00,97
2021-11-12 00:00:00+00:00,100
2021-11-13 00:00:00+00:00,106
2021-11-14 00:00:00+00:00,110
2021-11-15 00:00:00+00:00,154
2021-11-16 00:00:00+00:00,133
2021-11-17 00:00:00+00:00,120
2021-11-18 00:00:00+00:00,102
2021-11-19 00:00:00+00:00,86
2021-11-20 00:00:00+00:00,58
2021-11-21 00:00:00+00:00,44
2021-11-22 00:00:00+00:00,69
2021-11-23 00:00:00+00:00,70
2021-11-24 00:00:00+00:00,76
2021-11-25 00:00:00+00:00,87
2021-11-26 00:00:00+00:00,95
2021-11-27 00:00:00+00:00,86
2021-11-28 00:00:00+00:00,80
2021-11-29 00:00:00+00:00,69
2021-11-30 00:00:00+00:00,68
2021-12-01 00:00:00+00:00,69
2021-12-02 00:00:00+00:00,71
2021-12-03 00:00:00+00:00,42
2021-12-04 00:00:00+00:00,50
2021-12-05 00:00:00+00:00,82
2021-12-06 00:00:00+00:00,147
2021-12-07 00:00:00+00:00,96
2021-12-08 00:00:00+00:00,91
2021-12-09 00:00:00+00:00,82
2021-12-10 00:00:00+00:00,75
2021-12-11 00:00:00+00:00,81
2021-12-12 00:00:00+00:00,78
2021-12-13 00:00:00+00:00,86
2021-12-14 00:00:00+00:00,96
2021-12-15 00:00:00+00:00,87
2021-12-16 00:00:00+00:00,89
2021-12-17 00:00:00+00:00,85
2021-12-18 00:00:00+00:00,112
2021-12-19 00:00:00+00:00,89
2021-12-20 00:00:00+00:00,50
2021-12-21 00:00:00+00:00,74
2021-12-22 00:00:00+00:00,109
2021-12-23 00:00:00+00:00,128
2021-12-24 00:00:00+00:00,157
2021-12-25 00:00:00+00:00,118
2021-12-26 00:00:00+00:00,110
2021-12-27 00:00:00+00:00,133
2021-12-28 00:00:00+00:00,128
2021-12-29 00:00:00+00:00,60
2021-12-30 00:00:00+00:00,53
2021-12-31 00:00:00+00:00,58
2022-01-01 00:00:00+00:00,62
2022-01-02 00:00:00+00:00,60
2022-01-03 00:00:00+00:00,67
2022-01-04 00:00:00+00:00,75
2022-01-05 00:00:00+00:00,78
2022-01-06 00:00:00+00:00,93
2022-01-07 00:00:00+00:00,54
2022-01-08 00:00:00+00:00,47
2022-01-09 00:00:00+00:00,42
2022-01-10 00:00:00+00:00,36
2022-01-11 00:00:00+00:00,63
2022-01-12 00:00:00+00:00,81
2022-01-13 00:00:00+00:00,80
2022-01-14 00:00:00+00:00,83
2022-01-15 00:00:00+00:00,80
2022-01-16 00:00:00+00:00,76
2022-01-17 00:00:00+00:00,74
2022-01-18 00:00:00+00:00,108
2022-01-19 00:00:00+00:00,115
2022-01-20 00:00:00+00:00,110
2022-01-21 00:00:00+00:00,106
2022-01-22 00:00:00+00:00,84
2022-01-23 00:00:00+00:00,119
2022-01-24 00:00:00+00:00,163
2022-01-25 00:00:00+00:00,122
2022-01-26 00:00:00+00:00,119
2022-01-27 00:00:00+00:00,93
2022-01-28 00:00:00+00:00,92
2022-01-29 00:00:00+00:00,82
2022-01-30 00:00:00+00:00,92
2022-01-31 00:00:00+00:00,126
2022-02-01 00:00:00+00:00,187
2022-02-02 00:00:00+00:00,113
2022-02-03 00:00:00+00:00,91
2022-02-04 00:00:00+00:00,132
2022-02-05 00:00:00+00:00,162
2022-02-06 00:00:00+00:00,163
2022-02-07 00:00:00+00:00,127
2022-02-08 00:00:00+00:00,108
2022-02-09 00:00:00+00:00,91
2022-02-10 00:00:00+00:00,83
2022-02-11 00:00:00+00:00,75
2022-02-12 00:00:00+00:00,70
2022-02-13 00:00:00+00:00,71
2022-02-14 00:00:00+00:00,76
2022-02-15 00:00:00+00:00,88
2022-02-16 00:00:00+00:00,81
2022-02-17 00:00:00+00:00,81
2022-02-18 00:00:00+00:00,77
2022-02-19 00:00:00+00:00,76
2022-02-20 00:00:00+00:00,71
2022-02-21 00:00:00+00:00,68
2022-02-22 00:00:00+00:00,95
2022-02-23 00:00:00+00:00,98
2022-02-24 00:00:00+00:00,116
2022-02-25 00:00:00+00:00,135
2022-02-26 00:00:00+00:00,129
2022-02-27 00:00:00+00:00,128
2022-02-28 00:00:00+00:00,106
2022-03-01 00:00:00+00:00,101
2022-03-02 00:00:00+00:00,100
2022-03-03 00:00:00+00:00,76
2022-03-04 00:00:00+00:00,88
2022-03-05 00:00:00+00:00,77
2022-03-06 00:00:00+00:00,82
2022-03-07 00:00:00+00:00,91
2022-03-08 00:00:00+00:00,112
2022-03-09 00:00:00+00:00,100
2022-03-10 00:00:00+00:00,82
2022-03-11 00:00:00+00:00,106
2022-03-12 00:00:00+00:00,80
2022-03-13 00:00:00+00:00,65
2022-03-14 00:00:00+00:00,64
2022-03-15 00:00:00+00:00,71
2022-03-16 00:00:00+00:00,83
2022-03-17 00:00:00+00:00,94
2022-03-18 00:00:00+00:00,89
2022-03-19 00:00:00+00:00,73
2022-03-20 00:00:00+00:00,82
2022-03-21 00:00:00+00:00,112
2022-03-22 00:00:00+00:00,78
2022-03-23 00:00:00+00:00,70
2022-03-24 00:00:00+00:00,104
2022-03-25 00:00:00+00:00,79
2022-03-26 00:00:00+00:00,106
2022-03-27 00:00:00+00:00,114
2022-03-28 00:00:00+00:00,109
2022-03-29 00:00:00+00:00,108
2022-03-30 00:00:00+00:00,118
2022-03-31 00:00:00+00:00,109
2022-04-01 00:00:00+00:00,115
2022-04-02 00:00:00+00:00,143
2022-04-03 00:00:00+00:00,144
2022-04-04 00:00:00+00:00,109
2022-04-05 00:00:00+00:00,103
2022-04-06 00:00:00+00:00,101
2022-04-07 00:00:00+00:00,80
2022-04-08 00:00:00+00:00,80
2022-04-09 00:00:00+00:00,92
2022-04-10 00:00:00+00:00,102
2022-04-11 00:00:00+00:00,94
2022-04-12 00:00:00+00:00,93
2022-04-13 00:00:00+00:00,101
2022-04-14 00:00:00+00:00,112
2022-04-15 00:00:00+00:00,91
2022-04-16 00:00:00+00:00,110
2022-04-17 00:00:00+00:00,92
2022-04-18 00:00:00+00:00,93
2022-04-19 00:00:00+00:00,83
2022-04-20 00:00:00+00:00,80
2022-04-21 00:00:00+00:00,98
2022-04-22 00:00:00+00:00,102
2022-04-23 00:00:00+00:00,100
2022-04-24 00:00:00+00:00,83
2022-04-25 00:00:00+00:00,78
2022-04-26 00:00:00+00:00,70
2022-04-27 00:00:00+00:00,70
2022-04-28 00:00:00+00:00,84
2022-04-29 00:00:00+00:00,84
2022-04-30 00:00:00+00:00,95
2022-05-01 00:00:00+00:00,88
2022-05-02 00:00:00+00:00,81
2022-05-03 00:00:00+00:00,90
2022-05-04 00:00:00+00:00,98
2022-05-05 00:00:00+00:00,97
2022-05-06 00:00:00+00:00,98
2022-05-07 00:00:00+00:00,115
2022-05-08 00:00:00+00:00,125
2022-05-09 00:00:00+00:00,100
2022-05-10 00:00:00+00:00,83
2022-05-11 00:00:00+00:00,82
2022-05-12 00:00:00+00:00,83
2022-05-13 00:00:00+00:00,108
2022-05-14 00:00:00+00:00,112
2022-05-15 00:00:00+00:00,103
2022-05-16 00:00:00+00:00,94
2022-05-17 00:00:00+00:00,120
2022-05-18 00:00:00+00:00,155
2022-05-19 00:00:00+00:00,152
2022-05-20 00:00:00+00:00,128
2022-05-21 00:00:00+00:00,128
2022-05-22 00:00:00+00:00,141
2022-05-23 00:00:00+00:00,95
2022-05-24 00:00:00+00:00,99
2022-05-25 00:00:00+00:00,115
2022-05-26 00:00:00+00:00,97
2022-05-27 00:00:00+00:00,91
2022-05-28 00:00:00+00:00,78
2022-05-29 00:00:00+00:00,82
2022-05-30 00:00:00+00:00,95
2022-05-31 00:00:00+00:00,87
2022-06-01 00:00:00+00:00,71
2022-06-01 00:00:00+00:00,71
2022-06-03 00:00:00+00:00,77
2022-06-04 00:00:00+00:00,84
2022-06-05 00:00:00+00:00,74
2022-06-06 00:00:00+00:00,75
2022-06-07 00:00:00+00:00,76
2022-06-08 00:00:00+00:00,72
2022-06-09 00:00:00+00:00,66
2022-06-10 00:00:00+00:00,62
2022-06-11 00:00:00+00:00,74
2022-06-12 00:00:00+00:00,75
2022-06-13 00:00:00+00:00,67
2022-06-14 00:00:00+00:00,52
2022-06-15 00:00:00+00:00,67
2022-06-16 00:00:00+00:00,43
2022-06-17 00:00:00+00:00,70
2022-06-18 00:00:00+00:00,61
2022-06-19 00:00:00+00:00,59
2022-06-20 00:00:00+00:00,62
2022-06-21 00:00:00+00:00,65
2022-06-22 00:00:00+00:00,86
2022-06-23 00:00:00+00:00,109
2022-06-24 00:00:00+00:00,92
2022-06-25 00:00:00+00:00,89
2022-06-26 00:00:00+00:00,98
2022-06-27 00:00:00+00:00,116
2022-06-28 00:00:00+00:00,51
2022-06-29 00:00:00+00:00,48
2022-06-30 00:00:00+00:00,55
2022-07-01 00:00:00+00:00,60
2022-07-02 00:00:00+00:00,46
2022-07-03 00:00:00+00:00,53
2022-07-04 00:00:00+00:00,52
2022-07-05 00:00:00+00:00,48
2022-07-06 00:00:00+00:00,47
2022-07-07 00:00:00+00:00,25
2022-07-08 00:00:00+00:00,35
2022-07-09 00:00:00+00:00,28
2022-07-10 00:00:00+00:00,29
2022-07-11 00:00:00+00:00,37
2022-07-12 00:00:00+00:00,23
2022-07-13 00:00:00+00:00,30
2022-07-14 00:00:00+00:00,37
2022-07-15 00:00:00+00:00,36
2022-07-16 00:00:00+00:00,30
2022-07-17 00:00:00+00:00,25
2022-07-18 00:00:00+00:00,36
2022-07-19 00:00:00+00:00,53
2022-07-20 00:00:00+00:00,38
2022-07-21 00:00:00+00:00,31
2022-07-22 00:00:00+00:00,33
2022-07-23 00:00:00+00:00,41
2022-07-24 00:00:00+00:00,37
2022-07-25 00:00:00+00:00,32
2022-07-26 00:00:00+00:00,36
2022-07-27 00:00:00+00:00,30
2022-07-28 00:00:00+00:00,33
2022-07-29 00:00:00+00:00,36
2022-07-30 00:00:00+00:00,42
2022-07-31 00:00:00+00:00,56
2022-08-01 00:00:00+00:00,47
2022-08-02 00:00:00+00:00,49
2022-08-03 00:00:00+00:00,53
2022-08-04 00:00:00+00:00,55
2022-08-05 00:00:00+00:00,40
2022-08-06 00:00:00+00:00,37
2022-08-07 00:00:00+00:00,52
2022-08-08 00:00:00+00:00,50
2022-08-09 00:00:00+00:00,46
2022-08-10 00:00:00+00:00,40
2022-08-11 00:00:00+00:00,25
2022-08-12 00:00:00+00:00,20
2022-08-13 00:00:00+00:00,24
2022-08-14 00:00:00+00:00,27
2022-08-15 00:00:00+00:00,33
2022-08-16 00:00:00+00:00,29
2022-08-17 00:00:00+00:00,27
2022-08-18 00:00:00+00:00,27
2022-08-19 00:00:00+00:00,35
2022-08-20 00:00:00+00:00,28
2022-08-21 00:00:00+00:00,38
2022-08-22 00:00:00+00:00,55
2022-08-23 00:00:00+00:00,41
2022-08-24 00:00:00+00:00,19
2022-08-25 00:00:00+00:00,40
2022-08-26 00:00:00+00:00,56
2022-08-27 00:00:00+00:00,50
2022-08-28 00:00:00+00:00,69
2022-08-29 00:00:00+00:00,70
2022-08-30 00:00:00+00:00,64
2022-08-31 00:00:00+00:00,76
2022-09-01 00:00:00+00:00,66
2022-09-02 00:00:00+00:00,49
2022-09-03 00:00:00+00:00,71
2022-09-04 00:00:00+00:00,63
2022-09-05 00:00:00+00:00,55
2022-09-06 00:00:00+00:00,44
2022-09-07 00:00:00+00:00,54
2022-09-08 00:00:00+00:00,76
2022-09-09 00:00:00+00:00,70
2022-09-10 00:00:00+00:00,59
2022-09-11 00:00:00+00:00,33
2022-09-12 00:00:00+00:00,28
2022-09-13 00:00:00+00:00,31
2022-09-14 00:00:00+00:00,33
2022-09-15 00:00:00+00:00,31
2022-09-16 00:00:00+00:00,32
2022-09-17 00:00:00+00:00,48
2022-09-18 00:00:00+00:00,58
2022-09-19 00:00:00+00:00,56
2022-09-20 00:00:00+00:00,70
2022-09-21 00:00:00+00:00,61
2022-09-22 00:00:00+00:00,61
2022-09-23 00:00:00+00:00,49
2022-09-24 00:00:00+00:00,56
2022-09-25 00:00:00+00:00,54
2022-09-26 00:00:00+00:00,49
2022-09-27 00:00:00+00:00,59
2022-09-28 00:00:00+00:00,53
2022-09-29 00:00:00+00:00,58
2022-09-30 00:00:00+00:00,57
2022-10-01 00:00:00+00:00,49
2022-10-02 00:00:00+00:00,57
2022-10-03 00:00:00+00:00,55
2022-10-04 00:00:00+00:00,60
2022-10-05 00:00:00+00:00,52
2022-10-06 00:00:00+00:00,55
2022-10-07 00:00:00+00:00,90
2022-10-08 00:00:00+00:00,59
2022-10-09 00:00:00+00:00,60
2022-10-10 00:00:00+00:00,61
2022-10-11 00:00:00+00:00,71
2022-10-12 00:00:00+00:00,79
2022-10-13 00:00:00+00:00,101
2022-10-14 00:00:00+00:00,81
2022-10-15 00:00:00+00:00,84
2022-10-16 00:00:00+00:00,87
2022-10-17 00:00:00+00:00,91
2022-10-18 00:00:00+00:00,88
2022-10-19 00:00:00+00:00,106
2022-10-20 00:00:00+00:00,98
2022-10-21 00:00:00+00:00,95
2022-10-22 00:00:00+00:00,83
2022-10-23 00:00:00+00:00,84
2022-10-24 00:00:00+00:00,101
2022-10-25 00:00:00+00:00,164
2022-10-26 00:00:00+00:00,158
2022-10-27 00:00:00+00:00,96
2022-10-28 00:00:00+00:00,120
2022-10-29 00:00:00+00:00,107
2022-10-30 00:00:00+00:00,100
2022-10-31 00:00:00+00:00,89
2022-11-01 00:00:00+00:00,105
2022-11-02 00:00:00+00:00,132
2022-11-03 00:00:00+00:00,149
2022-11-04 00:00:00+00:00,114
2022-11-05 00:00:00+00:00,112
2022-11-06 00:00:00+00:00,108
2022-11-07 00:00:00+00:00,102
2022-11-08 00:00:00+00:00,129
2022-11-09 00:00:00+00:00,139
2022-11-10 00:00:00+00:00,171
2022-11-11 00:00:00+00:00,104
2022-11-12 00:00:00+00:00,111
2022-11-13 00:00:00+00:00,88
2022-11-14 00:00:00+00:00,101
2022-11-15 00:00:00+00:00,88
2022-11-16 00:00:00+00:00,91
2022-11-17 00:00:00+00:00,71
2022-11-18 00:00:00+00:00,70
2022-11-19 00:00:00+00:00,58
2022-11-20 00:00:00+00:00,69
2022-11-21 00:00:00+00:00,67
2022-11-22 00:00:00+00:00,85
2022-11-23 00:00:00+00:00,103
2022-11-24 00:00:00+00:00,85
2022-11-25 00:00:00+00:00,77
2022-11-26 00:00:00+00:00,65
2022-11-27 00:00:00+00:00,76
2022-11-28 00:00:00+00:00,78
2022-11-29 00:00:00+00:00,82
2022-11-30 00:00:00+00:00,75
2022-12-01 00:00:00+00:00,73
2022-12-02 00:00:00+00:00,78
2022-12-03 00:00:00+00:00,80
2022-12-04 00:00:00+00:00,86
2022-12-05 00:00:00+00:00,89
2022-12-06 00:00:00+00:00,102
2022-12-07 00:00:00+00:00,100
2022-12-08 00:00:00+00:00,85
2022-12-09 00:00:00+00:00,64
2022-12-10 00:00:00+00:00,63
2022-12-11 00:00:00+00:00,70
2022-12-12 00:00:00+00:00,80
2022-12-13 00:00:00+00:00,89
2022-12-14 00:00:00+00:00,70
2022-12-15 00:00:00+00:00,60
2022-12-16 00:00:00+00:00,72
2022-12-17 00:00:00+00:00,80
2022-12-18 00:00:00+00:00,82
2022-12-19 00:00:00+00:00,81
2022-12-20 00:00:00+00:00,90
2022-12-21 00:00:00+00:00,87
2022-12-22 00:00:00+00:00,88
2022-12-23 00:00:00+00:00,79
2022-12-24 00:00:00+00:00,77
2022-12-25 00:00:00+00:00,105
2022-12-26 00:00:00+00:00,111
2022-12-27 00:00:00+00:00,98
2022-12-28 00:00:00+00:00,96
2022-12-29 00:00:00+00:00,95
2022-12-30 00:00:00+00:00,87
2022-12-31 00:00:00+00:00,80
2023-01-01 00:00:00+00:00,87
2023-01-02 00:00:00+00:00,89
2023-01-03 00:00:00+00:00,104
2023-01-04 00:00:00+00:00,100
2023-01-05 00:00:00+00:00,81
2023-01-06 00:00:00+00:00,92
2023-01-07 00:00:00+00:00,83
2023-01-08 00:00:00+00:00,82
2023-01-09 00:00:00+00:00,85
2023-01-10 00:00:00+00:00,106
2023-01-11 00:00:00+00:00,117
2023-01-12 00:00:00+00:00,114
2023-01-13 00:00:00+00:00,90
2023-01-14 00:00:00+00:00,168
2023-01-15 00:00:00+00:00,92
2023-01-16 00:00:00+00:00,83
2023-01-17 00:00:00+00:00,103
2023-01-18 00:00:00+00:00,105
2023-01-19 00:00:00+00:00,95
2023-01-20 00:00:00+00:00,99
2023-01-21 00:00:00+00:00,116
2023-01-22 00:00:00+00:00,106
2023-01-23 00:00:00+00:00,88
2023-01-24 00:00:00+00:00,106
2023-01-25 00:00:00+00:00,150
2023-01-26 00:00:00+00:00,107
2023-01-27 00:00:00+00:00,100
2023-01-28 00:00:00+00:00,114
2023-01-29 00:00:00+00:00,105
2023-01-30 00:00:00+00:00,115
2023-01-31 00:00:00+00:00,91
2023-02-01 00:00:00+00:00,91
2023-02-02 00:00:00+00:00,82
2023-02-03 00:00:00+00:00,80
2023-02-04 00:00:00+00:00,87
2023-02-05 00:00:00+00:00,108
2023-02-06 00:00:00+00:00,100
2023-02-07 00:00:00+00:00,116
2023-02-08 00:00:00+00:00,108
2023-02-09 00:00:00+00:00,119
2023-02-10 00:00:00+00:00,127
2023-02-11 00:00:00+00:00,163
2023-02-12 00:00:00+00:00,87
2023-02-13 00:00:00+00:00,116
2023-02-14 00:00:00+00:00,104
2023-02-15 00:00:00+00:00,129
2023-02-16 00:00:00+00:00,134
2023-02-17 00:00:00+00:00,115
2023-02-18 00:00:00+00:00,116
2023-02-19 00:00:00+00:00,122
2023-02-20 00:00:00+00:00,137
2023-02-21 00:00:00+00:00,142
2023-02-22 00:00:00+00:00,123
2023-02-23 00:00:00+00:00,136
2023-02-24 00:00:00+00:00,112
2023-02-25 00:00:00+00:00,115
2023-02-26 00:00:00+00:00,108
2023-02-27 00:00:00+00:00,102
2023-02-28 00:00:00+00:00,108
2023-03-01 00:00:00+00:00,101
2023-03-02 00:00:00+00:00,115
2023-03-03 00:00:00+00:00,98
2023-03-04 00:00:00+00:00,114
2023-03-05 00:00:00+00:00,108
2023-03-06 00:00:00+00:00,95
2023-03-07 00:00:00+00:00,107
2023-03-08 00:00:00+00:00,62
2023-03-09 00:00:00+00:00,55
2023-03-10 00:00:00+00:00,63
2023-03-11 00:00:00+00:00,65
2023-03-12 00:00:00+00:00,68
2023-03-13 00:00:00+00:00,81
2023-03-14 00:00:00+00:00,85
2023-03-15 00:00:00+00:00,79
2023-03-16 00:00:00+00:00,88
2023-03-17 00:00:00+00:00,60
2023-03-18 00:00:00+00:00,89
2023-03-19 00:00:00+00:00,58
2023-03-20 00:00:00+00:00,31
2023-03-21 00:00:00+00:00,32
2023-03-22 00:00:00+00:00,49
2023-03-23 00:00:00+00:00,42
2023-03-24 00:00:00+00:00,38
2023-03-25 00:00:00+00:00,40
2023-03-26 00:00:00+00:00,42
2023-03-27 00:00:00+00:00,55
2023-03-28 00:00:00+00:00,80
2023-03-29 00:00:00+00:00,61
2023-03-30 00:00:00+00:00,70
2023-03-31 00:00:00+00:00,60
2023-04-01 00:00:00+00:00,39
2023-04-02 00:00:00+00:00,52
2023-04-03 00:00:00+00:00,55
2023-04-04 00:00:00+00:00,72
2023-04-05 00:00:00+00:00,71
2023-04-06 00:00:00+00:00,83
2023-04-07 00:00:00+00:00,83
2023-04-08 00:00:00+00:00,82
2023-04-09 00:00:00+00:00,104
2023-04-10 00:00:00+00:00,93
2023-04-11 00:00:00+00:00,96
2023-04-12 00:00:00+00:00,92
2023-04-13 00:00:00+00:00,64
2023-04-14 00:00:00+00:00,78
2023-04-15 00:00:00+00:00,76
2023-04-16 00:00:00+00:00,76
2023-04-17 00:00:00+00:00,80
2023-04-18 00:00:00+00:00,81
2023-04-19 00:00:00+00:00,84
2023-04-20 00:00:00+00:00,113
2023-04-21 00:00:00+00:00,51
2023-04-22 00:00:00+00:00,68
2023-04-23 00:00:00+00:00,60
2023-04-24 00:00:00+00:00,55
2023-04-25 00:00:00+00:00,59
2023-04-26 00:00:00+00:00,75
2023-04-27 00:00:00+00:00,96
2023-04-28 00:00:00+00:00,65
2023-04-29 00:00:00+00:00,64
2023-04-30 00:00:00+00:00,52
2023-05-01 00:00:00+00:00,39
2023-05-02 00:00:00+00:00,48
2023-05-03 00:00:00+00:00,36
2023-05-04 00:00:00+00:00,43
2023-05-05 00:00:00+00:00,49
2023-05-06 00:00:00+00:00,65
2023-05-07 00:00:00+00:00,53
2023-05-08 00:00:00+00:00,69
2023-05-09 00:00:00+00:00,65
2023-05-10 00:00:00+00:00,82
2023-05-11 00:00:00+00:00,80
2023-05-12 00:00:00+00:00,72
2023-05-13 00:00:00+00:00,67
2023-05-14 00:00:00+00:00,61
2023-05-15 00:00:00+00:00,49
2023-05-16 00:00:00+00:00,50
2023-05-17 00:00:00+00:00,55
2023-05-18 00:00:00+00:00,37
2023-05-19 00:00:00+00:00,40
2023-05-20 00:00:00+00:00,58
2023-05-21 00:00:00+00:00,45
2023-05-22 00:00:00+00:00,41
2023-05-23 00:00:00+00:00,34
2023-05-24 00:00:00+00:00,38
2023-05-25 00:00:00+00:00,60
2023-05-26 00:00:00+00:00,65
2023-05-27 00:00:00+00:00,59
2023-05-28 00:00:00+00:00,51
2023-05-29 00:00:00+00:00,41
2023-05-30 00:00:00+00:00,47
2023-05-31 00:00:00+00:00,54
2023-06-01 00:00:00+00:00,80
2023-06-02 00:00:00+00:00,57
2023-06-03 00:00:00+00:00,41
2023-06-04 00:00:00+00:00,64
2023-06-05 00:00:00+00:00,49
2023-06-06 00:00:00+00:00,71
2023-06-07 00:00:00+00:00,82
2023-06-08 00:00:00+00:00,70
2023-06-09 00:00:00+00:00,58
2023-06-10 00:00:00+00:00,52
2023-06-11 00:00:00+00:00,47
2023-06-12 00:00:00+00:00,56
2023-06-13 00:00:00+00:00,59
2023-06-14 00:00:00+00:00,62
2023-06-15 00:00:00+00:00,59
2023-06-16 00:00:00+00:00,50
2023-06-17 00:00:00+00:00,47
2023-06-18 00:00:00+00:00,60
2023-06-19 00:00:00+00:00,68
2023-06-20 00:00:00+00:00,74
2023-06-21 00:00:00+00:00,70
2023-06-22 00:00:00+00:00,66
2023-06-23 00:00:00+00:00,58
2023-06-24 00:00:00+00:00,47
2023-06-25 00:00:00+00:00,47
2023-06-26 00:00:00+00:00,50
2023-06-27 00:00:00+00:00,36
2023-06-28 00:00:00+00:00,90
2023-06-29 00:00:00+00:00,46
2023-06-30 00:00:00+00:00,52
2023-07-01 00:00:00+00:00,76
2023-07-02 00:00:00+00:00,130
2023-07-03 00:00:00+00:00,45
2023-07-04 00:00:00+00:00,49
2023-07-05 00:00:00+00:00,56
2023-07-06 00:00:00+00:00,55
2023-07-07 00:00:00+00:00,53
2023-07-08 00:00:00+00:00,51
2023-07-09 00:00:00+00:00,44
2023-07-10 00:00:00+00:00,40
2023-07-11 00:00:00+00:00,50
2023-07-12 00:00:00+00:00,68
2023-07-13 00:00:00+00:00,68
2023-07-14 00:00:00+00:00,87
2023-07-15 00:00:00+00:00,77
2023-07-16 00:00:00+00:00,70
2023-07-17 00:00:00+00:00,67
2023-07-18 00:00:00+00:00,77
2023-07-19 00:00:00+00:00,66
2023-07-20 00:00:00+00:00,56
2023-07-21 00:00:00+00:00,46
2023-07-22 00:00:00+00:00,65
2023-07-23 00:00:00+00:00,66
2023-07-24 00:00:00+00:00,54
2023-07-25 00:00:00+00:00,76
2023-07-26 00:00:00+00:00,65
2023-07-27 00:00:00+00:00,57
2023-07-28 00:00:00+00:00,68
2023-07-29 00:00:00+00:00,45
2023-07-30 00:00:00+00:00,51
2023-07-31 00:00:00+00:00,43
2023-08-01 00:00:00+00:00,46
2023-08-02 00:00:00+00:00,33
2023-08-03 00:00:00+00:00,48
2023-08-04 00:00:00+00:00,60
2023-08-05 00:00:00+00:00,67
2023-08-06 00:00:00+00:00,65
2023-08-07 00:00:00+00:00,59
2023-08-08 00:00:00+00:00,61
2023-08-09 00:00:00+00:00,64
2023-08-10 00:00:00+00:00,67
2023-08-11 00:00:00+00:00,64
2023-08-12 00:00:00+00:00,66
2023-08-12 00:00:00+00:00,66
2023-08-12 00:00:00+00:00,66
2023-08-15 00:00:00+00:00,65
2023-08-16 00:00:00+00:00,70
2023-08-17 00:00:00+00:00,84
2023-08-18 00:00:00+00:00,93
2023-08-19 00:00:00+00:00,96
2023-08-20 00:00:00+00:00,50
2023-08-21 00:00:00+00:00,34
2023-08-22 00:00:00+00:00,42
2023-08-23 00:00:00+00:00,58
2023-08-24 00:00:00+00:00,46
2023-08-25 00:00:00+00:00,49
2023-08-26 00:00:00+00:00,49
2023-08-27 00:00:00+00:00,61
2023-08-28 00:00:00+00:00,72
2023-08-29 00:00:00+00:00,63
2023-08-30 00:00:00+00:00,58
2023-08-31 00:00:00+00:00,63
2023-09-01 00:00:00+00:00,69
2023-09-02 00:00:00+00:00,76
2023-09-03 00:00:00+00:00,78
2023-09-04 00:00:00+00:00,76
2023-09-05 00:00:00+00:00,76
2023-09-06 00:00:00+00:00,73
2023-09-07 00:00:00+00:00,72
2023-09-08 00:00:00+00:00,30
2023-09-09 00:00:00+00:00,33
2023-09-10 00:00:00+00:00,51
2023-09-11 00:00:00+00:00,49
2023-09-12 00:00:00+00:00,50
2023-09-13 00:00:00+00:00,40
2023-09-14 00:00:00+00:00,49
2023-09-15 00:00:00+00:00,92
2023-09-16 00:00:00+00:00,55
2023-09-17 00:00:00+00:00,45
2023-09-18 00:00:00+00:00,33
2023-09-19 00:00:00+00:00,35
2023-09-20 00:00:00+00:00,46
2023-09-21 00:00:00+00:00,43
2023-09-22 00:00:00+00:00,58
2023-09-23 00:00:00+00:00,61
2023-09-24 00:00:00+00:00,72
2023-09-24 00:00:00+00:00,72
2023-09-26 00:00:00+00:00,75
2023-09-27 00:00:00+00:00,78
2023-09-28 00:00:00+00:00,72
2023-09-29 00:00:00+00:00,68
2023-09-30 00:00:00+00:00,152
2023-10-01 00:00:00+00:00,109
2023-10-02 00:00:00+00:00,73
2023-10-03 00:00:00+00:00,89
2023-10-04 00:00:00+00:00,93
2023-10-05 00:00:00+00:00,99
2023-10-06 00:00:00+00:00,87
2023-10-07 00:00:00+00:00,81
2023-10-08 00:00:00+00:00,71
2023-10-09 00:00:00+00:00,81
2023-10-10 00:00:00+00:00,73
2023-10-11 00:00:00+00:00,74
2023-10-12 00:00:00+00:00,98
2023-10-13 00:00:00+00:00,91
2023-10-14 00:00:00+00:00,84
2023-10-15 00:00:00+00:00,99
2023-10-16 00:00:00+00:00,87
2023-10-17 00:00:00+00:00,87
2023-10-18 00:00:00+00:00,81
2023-10-19 00:00:00+00:00,80
2023-10-20 00:00:00+00:00,108
2023-10-21 00:00:00+00:00,80
2023-10-22 00:00:00+00:00,73
2023-10-23 00:00:00+00:00,85
2023-10-24 00:00:00+00:00,91
2023-10-25 00:00:00+00:00,70
2023-10-26 00:00:00+00:00,88
2023-10-26 00:00:00+00:00,88
2023-10-28 00:00:00+00:00,93
2023-10-29 00:00:00+00:00,87
2023-10-30 00:00:00+00:00,87
2023-10-31 00:00:00+00:00,115
2023-11-01 00:00:00+00:00,128
2023-11-02 00:00:00+00:00,147
2023-11-03 00:00:00+00:00,142
2023-11-04 00:00:00+00:00,126
2023-11-05 00:00:00+00:00,152
2023-11-06 00:00:00+00:00,97
2023-11-07 00:00:00+00:00,86
2023-11-08 00:00:00+00:00,92
2023-11-09 00:00:00+00:00,89
2023-11-10 00:00:00+00:00,143
2023-11-11 00:00:00+00:00,93
2023-11-12 00:00:00+00:00,70
2023-11-13 00:00:00+00:00,90
2023-11-14 00:00:00+00:00,166
2023-11-15 00:00:00+00:00,111
2023-11-16 00:00:00+00:00,82
2023-11-17 00:00:00+00:00,87
2023-11-18 00:00:00+00:00,127
2023-11-19 00:00:00+00:00,93
2023-11-20 00:00:00+00:00,96
2023-11-21 00:00:00+00:00,93
2023-11-22 00:00:00+00:00,91
2023-11-23 00:00:00+00:00,164
2023-11-24 00:00:00+00:00,87
2023-11-25 00:00:00+00:00,62
2023-11-26 00:00:00+00:00,57
2023-11-27 00:00:00+00:00,60
2023-11-28 00:00:00+00:00,52
2023-11-29 00:00:00+00:00,79
2023-11-30 00:00:00+00:00,73
2023-12-01 00:00:00+00:00,88
2023-12-02 00:00:00+00:00,80
2023-12-03 00:00:00+00:00,59
2023-12-04 00:00:00+00:00,60
2023-12-05 00:00:00+00:00,61
2023-12-06 00:00:00+00:00,62
2023-12-07 00:00:00+00:00,76
2023-12-08 00:00:00+00:00,64
2023-12-09 00:00:00+00:00,65
2023-12-10 00:00:00+00:00,69
2023-12-11 00:00:00+00:00,74
2023-12-12 00:00:00+00:00,91
2023-12-13 00:00:00+00:00,87
2023-12-14 00:00:00+00:00,60
2023-12-15 00:00:00+00:00,60
2023-12-16 00:00:00+00:00,70
2023-12-17 00:00:00+00:00,80
2023-12-18 00:00:00+00:00,70
2023-12-19 00:00:00+00:00,72
2023-12-20 00:00:00+00:00,60
2023-12-21 00:00:00+00:00,54
2023-12-22 00:00:00+00:00,59
2023-12-23 00:00:00+00:00,58
2023-12-24 00:00:00+00:00,89
2023-12-25 00:00:00+00:00,87
2023-12-26 00:00:00+00:00,94
2023-12-27 00:00:00+00:00,111
2023-12-28 00:00:00+00:00,80
2023-12-29 00:00:00+00:00,79
2023-12-30 00:00:00+00:00,79
2023-12-31 00:00:00+00:00,83
2024-01-01 00:00:00+00:00,66
2024-01-02 00:00:00+00:00,69
2024-01-03 00:00:00+00:00,67
2024-01-04 00:00:00+00:00,74
2024-01-05 00:00:00+00:00,61
2024-01-06 00:00:00+00:00,95
2024-01-07 00:00:00+00:00,88
2024-01-08 00:00:00+00:00,82
2024-01-09 00:00:00+00:00,75
2024-01-10 00:00:00+00:00,69
2024-01-11 00:00:00+00:00,66
2024-01-12 00:00:00+00:00,64
2024-01-13 00:00:00+00:00,62
2024-01-14 00:00:00+00:00,49
2024-01-15 00:00:00+00:00,60
2024-01-16 00:00:00+00:00,62
2024-01-17 00:00:00+00:00,80
2024-01-18 00:00:00+00:00,75
2024-01-19 00:00:00+00:00,76
2024-01-20 00:00:00+00:00,78
2024-01-21 00:00:00+00:00,80
2024-01-21 00:00:00+00:00,82
2024-01-23 00:00:00+00:00,84
2024-01-24 00:00:00+00:00,86
2024-01-25 00:00:00+00:00,78
2024-01-26 00:00:00+00:00,76
2024-01-27 00:00:00+00:00,69
2024-01-28 00:00:00+00:00,69
2024-01-29 00:00:00+00:00,103
2024-01-30 00:00:00+00:00,89
2024-01-31 00:00:00+00:00,94
2024-02-01 00:00:00+00:00,98
2024-02-02 00:00:00+00:00,79
2024-02-03 00:00:00+00:00,89
2024-02-04 00:00:00+00:00,84
2024-02-05 00:00:00+00:00,100
2024-02-06 00:00:00+00:00,61
2024-02-07 00:00:00+00:00,74
2024-02-08 00:00:00+00:00,80
2024-02-09 00:00:00+00:00,82
2024-02-10 00:00:00+00:00,93
2024-02-11 00:00:00+00:00,56
2024-02-12 00:00:00+00:00,41
2024-02-13 00:00:00+00:00,61
2024-02-14 00:00:00+00:00,80
2024-02-15 00:00:00+00:00,70
2024-02-16 00:00:00+00:00,96
2024-02-17 00:00:00+00:00,98
2024-02-18 00:00:00+00:00,100
2024-02-19 00:00:00+00:00,99
2024-02-20 00:00:00+00:00,65
2024-02-21 00:00:00+00:00,67
2024-02-22 00:00:00+00:00,63
2024-02-23 00:00:00+00:00,71
2024-02-24 00:00:00+00:00,75
2024-02-25 00:00:00+00:00,73
2024-02-26 00:00:00+00:00,76
2024-02-27 00:00:00+00:00,94
2024-02-28 00:00:00+00:00,72
2024-02-29 00:00:00+00:00,72
2024-03-01 00:00:00+00:00,102
2024-03-02 00:00:00+00:00,99
2024-03-03 00:00:00+00:00,61
2024-03-04 00:00:00+00:00,35
2024-03-05 00:00:00+00:00,53
2024-03-06 00:00:00+00:00,54
2024-03-07 00:00:00+00:00,59
2024-03-08 00:00:00+00:00,67
2024-03-09 00:00:00+00:00,56
2024-03-10 00:00:00+00:00,61
2024-03-11 00:00:00+00:00,78
2024-03-12 00:00:00+00:00,81
2024-03-13 00:00:00+00:00,79
2024-03-14 00:00:00+00:00,66
2024-03-15 00:00:00+00:00,100
2024-03-16 00:00:00+00:00,99
2024-03-17 00:00:00+00:00,99
2024-03-18 00:00:00+00:00,78
2024-03-19 00:00:00+00:00,58
2024-03-20 00:00:00+00:00,91
2024-03-21 00:00:00+00:00,73
2024-03-22 00:00:00+00:00,90
2024-03-23 00:00:00+00:00,80
2024-03-24 00:00:00+00:00,76
2024-03-25 00:00:00+00:00,62
2024-03-26 00:00:00+00:00,65
2024-03-27 00:00:00+00:00,68
2024-03-28 00:00:00+00:00,76
2024-03-29 00:00:00+00:00,60
2024-03-30 00:00:00+00:00,83
2024-03-31 00:00:00+00:00,62
2024-04-01 00:00:00+00:00,85
2024-04-02 00:00:00+00:00,99
2024-04-03 00:00:00+00:00,72
2024-04-04 00:00:00+00:00,55
2024-04-05 00:00:00+00:00,55
2024-04-06 00:00:00+00:00,51
2024-04-07 00:00:00+00:00,51
2024-04-08 00:00:00+00:00,42
2024-04-09 00:00:00+00:00,80
2024-04-10 00:00:00+00:00,98
2024-04-11 00:00:00+00:00,83
2024-04-12 00:00:00+00:00,81
2024-04-13 00:00:00+00:00,51
2024-04-14 00:00:00+00:00,59
2024-04-15 00:00:00+00:00,67
2024-04-16 00:00:00+00:00,47
2024-04-17 00:00:00+00:00,48
2024-04-18 00:00:00+00:00,55
2024-04-19 00:00:00+00:00,52
2024-04-20 00:00:00+00:00,91
2024-04-21 00:00:00+00:00,59
2024-04-22 00:00:00+00:00,41
2024-04-23 00:00:00+00:00,45
2024-04-24 00:00:00+00:00,49
2024-04-25 00:00:00+00:00,63
2024-04-26 00:00:00+00:00,64
2024-04-27 00:00:00+00:00,49
2024-04-28 00:00:00+00:00,56
2024-04-29 00:00:00+00:00,63
2024-04-30 00:00:00+00:00,60
2024-05-01 00:00:00+00:00,72
2024-05-02 00:00:00+00:00,78
2024-05-03 00:00:00+00:00,94
2024-05-04 00:00:00+00:00,72
2024-05-05 00:00:00+00:00,96
2024-05-06 00:00:00+00:00,59
2024-05-07 00:00:00+00:00,59
2024-05-08 00:00:00+00:00,59
2024-05-09 00:00:00+00:00,59
2024-05-10 00:00:00+00:00,55
2024-05-11 00:00:00+00:00,51
2024-05-12 00:00:00+00:00,62
2024-05-13 00:00:00+00:00,64
2024-05-14 00:00:00+00:00,53
2024-05-15 00:00:00+00:00,67
2024-05-16 00:00:00+00:00,81
2024-05-17 00:00:00+00:00,66
2024-05-18 00:00:00+00:00,74
2024-05-19 00:00:00+00:00,75
2024-05-20 00:00:00+00:00,77
2024-05-21 00:00:00+00:00,43
2024-05-22 00:00:00+00:00,58
2024-05-22 00:00:00+00:00,58
2024-05-22 00:00:00+00:00,58
2024-05-25 00:00:00+00:00,59
2024-05-26 00:00:00+00:00,66
2024-05-27 00:00:00+00:00,73
2024-05-28 00:00:00+00:00,90
2024-05-29 00:00:00+00:00,76
2024-05-30 00:00:00+00:00,74
2024-05-31 00:00:00+00:00,76
2024-06-01 00:00:00+00:00,62
2024-06-02 00:00:00+00:00,67
2024-06-03 00:00:00+00:00,52
2024-06-04 00:00:00+00:00,80
2024-06-05 00:00:00+00:00,76
2024-06-06 00:00:00+00:00,118
2024-06-07 00:00:00+00:00,64
2024-06-08 00:00:00+00:00,83
2024-06-09 00:00:00+00:00,85
2024-06-10 00:00:00+00:00,73
2024-06-11 00:00:00+00:00,71
2024-06-12 00:00:00+00:00,69
2024-06-13 00:00:00+00:00,64
2024-06-14 00:00:00+00:00,60
2024-06-15 00:00:00+00:00,56
2024-06-16 00:00:00+00:00,48
2024-06-17 00:00:00+00:00,47
2024-06-18 00:00:00+00:00,41
2024-06-19 00:00:00+00:00,49
2024-06-20 00:00:00+00:00,40
2024-06-21 00:00:00+00:00,61
2024-06-22 00:00:00+00:00,79
2024-06-23 00:00:00+00:00,50
2024-06-24 00:00:00+00:00,55
2024-06-25 00:00:00+00:00,53
2024-06-26 00:00:00+00:00,59
2024-06-27 00:00:00+00:00,49
2024-06-28 00:00:00+00:00,47
2024-06-29 00:00:00+00:00,46
2024-06-30 00:00:00+00:00,47
2024-07-01 00:00:00+00:00,38
2024-07-02 00:00:00+00:00,35
2024-07-03 00:00:00+00:00,47
2024-07-04 00:00:00+00:00,63
2024-07-05 00:00:00+00:00,68
2024-07-06 00:00:00+00:00,63
2024-07-07 00:00:00+00:00,69
2024-07-08 00:00:00+00:00,80
2024-07-09 00:00:00+00:00,66
2024-07-10 00:00:00+00:00,62
2024-07-11 00:00:00+00:00,34
2024-07-12 00:00:00+00:00,37
2024-07-13 00:00:00+00:00,41
2024-07-14 00:00:00+00:00,46
2024-07-15 00:00:00+00:00,55
2024-07-16 00:00:00+00:00,64
2024-07-17 00:00:00+00:00,74
2024-07-18 00:00:00+00:00,54
2024-07-19 00:00:00+00:00,45
2024-07-20 00:00:00+00:00,35
2024-07-21 00:00:00+00:00,35
2024-07-22 00:00:00+00:00,34
2024-07-23 00:00:00+00:00,41
2024-07-24 00:00:00+00:00,52
2024-07-25 00:00:00+00:00,63
2024-07-26 00:00:00+00:00,74
2024-07-27 00:00:00+00:00,63
2024-07-28 00:00:00+00:00,52
2024-07-29 00:00:00+00:00,64
2024-07-30 00:00:00+00:00,57
2024-07-31 00:00:00+00:00,51
2024-08-01 00:00:00+00:00,47
2024-08-02 00:00:00+00:00,40
2024-08-03 00:00:00+00:00,35
2024-08-04 00:00:00+00:00,34
2024-08-05 00:00:00+00:00,35
2024-08-06 00:00:00+00:00,41
2024-08-07 00:00:00+00:00,48
2024-08-08 00:00:00+00:00,68
2024-08-09 00:00:00+00:00,76
2024-08-10 00:00:00+00:00,60
2024-08-11 00:00:00+00:00,32
2024-08-12 00:00:00+00:00,37
2024-08-13 00:00:00+00:00,48
2024-08-14 00:00:00+00:00,59
2024-08-15 00:00:00+00:00,70
2024-08-16 00:00:00+00:00,62
2024-08-17 00:00:00+00:00,54
2024-08-18 00:00:00+00:00,47
2024-08-19 00:00:00+00:00,48
2024-08-20 00:00:00+00:00,49
2024-08-21 00:00:00+00:00,60
2024-08-22 00:00:00+00:00,47
2024-08-23 00:00:00+00:00,79
2024-08-24 00:00:00+00:00,73
2024-08-25 00:00:00+00:00,68
2024-08-26 00:00:00+00:00,62
2024-08-27 00:00:00+00:00,57
2024-08-28 00:00:00+00:00,51
2024-08-29 00:00:00+00:00,46
2024-08-30 00:00:00+00:00,53
2024-08-31 00:00:00+00:00,60
2024-09-01 00:00:00+00:00,68
2024-09-02 00:00:00+00:00,76
2024-09-03 00:00:00+00:00,53
2024-09-04 00:00:00+00:00,56
2024-09-05 00:00:00+00:00,59
2024-09-06 00:00:00+00:00,62
2024-09-07 00:00:00+00:00,65
2024-09-08 00:00:00+00:00,69
2024-09-09 00:00:00+00:00,63
2024-09-10 00:00:00+00:00,86
2024-09-11 00:00:00+00:00,54
2024-09-12 00:00:00+00:00,65
2024-09-13 00:00:00+00:00,113
2024-09-14 00:00:00+00:00,73
2024-09-15 00:00:00+00:00,37
2024-09-16 00:00:00+00:00,65
2024-09-17 00:00:00+00:00,62
2024-09-18 00:00:00+00:00,65
2024-09-19 00:00:00+00:00,65
2024-09-20 00:00:00+00:00,67
2024-09-21 00:00:00+00:00,69
2024-09-22 00:00:00+00:00,64
2024-09-23 00:00:00+00:00,49
2024-09-24 00:00:00+00:00,47
2024-09-25 00:00:00+00:00,53
2024-09-26 00:00:00+00:00,47
2024-09-27 00:00:00+00:00,43
2024-09-28 00:00:00+00:00,41
2024-09-29 00:00:00+00:00,40
2024-09-30 00:00:00+00:00,40
2024-10-01 00:00:00+00:00,44
2024-10-02 00:00:00+00:00,56
2024-10-03 00:00:00+00:00,50
2024-10-04 00:00:00+00:00,65
2024-10-05 00:00:00+00:00,61
2024-10-06 00:00:00+00:00,54
2024-10-07 00:00:00+00:00,94
2024-10-08 00:00:00+00:00,102
2024-10-09 00:00:00+00:00,107
2024-10-10 00:00:00+00:00,86
2024-10-11 00:00:00+00:00,94
2024-10-12 00:00:00+00:00,67
2024-10-13 00:00:00+00:00,50
2024-10-14 00:00:00+00:00,51
2024-10-15 00:00:00+00:00,42
2024-10-16 00:00:00+00:00,62
2024-10-17 00:00:00+00:00,80
2024-10-18 00:00:00+00:00,95
2024-10-19 00:00:00+00:00,91
2024-10-20 00:00:00+00:00,104
2024-10-21 00:00:00+00:00,56
2024-10-22 00:00:00+00:00,55
2024-10-23 00:00:00+00:00,76
2024-10-24 00:00:00+00:00,96
2024-10-25 00:00:00+00:00,100
2024-10-26 00:00:00+00:00,126
2024-10-27 00:00:00+00:00,164
2024-10-28 00:00:00+00:00,109
2024-10-29 00:00:00+00:00,109
2024-10-30 00:00:00+00:00,116
2024-10-31 00:00:00+00:00,117
2024-11-01 00:00:00+00:00,128
2024-11-02 00:00:00+00:00,122
2024-11-03 00:00:00+00:00,130
2024-11-04 00:00:00+00:00,134
2024-11-05 00:00:00+00:00,115
2024-11-06 00:00:00+00:00,98
2024-11-07 00:00:00+00:00,104
2024-11-08 00:00:00+00:00,100
2024-11-09 00:00:00+00:00,93
2024-11-10 00:00:00+00:00,94
2024-11-11 00:00:00+00:00,90
2024-11-12 00:00:00+00:00,91
2024-11-13 00:00:00+00:00,94
2024-11-14 00:00:00+00:00,99
2024-11-15 00:00:00+00:00,103
2024-11-16 00:00:00+00:00,132
2024-11-17 00:00:00+00:00,114
2024-11-18 00:00:00+00:00,90
2024-11-19 00:00:00+00:00,87
2024-11-20 00:00:00+00:00,97
2024-11-21 00:00:00+00:00,102
2024-11-22 00:00:00+00:00,106
2024-11-23 00:00:00+00:00,117
2024-11-24 00:00:00+00:00,124
2024-11-25 00:00:00+00:00,124
2024-11-26 00:00:00+00:00,104
2024-11-27 00:00:00+00:00,95
2024-11-28 00:00:00+00:00,100
2024-11-29 00:00:00+00:00,100
2024-11-30 00:00:00+00:00,83
2024-12-01 00:00:00+00:00,97
2024-12-02 00:00:00+00:00,108
2024-12-03 00:00:00+00:00,102
2024-12-04 00:00:00+00:00,102
2024-12-05 00:00:00+00:00,80
2024-12-06 00:00:00+00:00,73
2024-12-07 00:00:00+00:00,77
2024-12-08 00:00:00+00:00,95
2024-12-09 00:00:00+00:00,87
2024-12-10 00:00:00+00:00,99
2024-12-11 00:00:00+00:00,101
2024-12-12 00:00:00+00:00,90
2024-12-13 00:00:00+00:00,109
2024-12-14 00:00:00+00:00,106
2024-12-15 00:00:00+00:00,65
2024-12-16 00:00:00+00:00,82
2024-12-17 00:00:00+00:00,100
2024-12-18 00:00:00+00:00,107
2024-12-19 00:00:00+00:00,86
2024-12-20 00:00:00+00:00,107
2024-12-21 00:00:00+00:00,116
2024-12-22 00:00:00+00:00,130
2024-12-23 00:00:00+00:00,110
2024-12-23 00:00:00+00:00,110
2024-12-25 00:00:00+00:00,116
2024-12-26 00:00:00+00:00,123
2024-12-27 00:00:00+00:00,121
2024-12-28 00:00:00+00:00,116
2024-12-29 00:00:00+00:00,104
2024-12-30 00:00:00+00:00,70
2024-12-31 00:00:00+00:00,68
2025-01-01 00:00:00+00:00,72
2025-01-02 00:00:00+00:00,67
2025-01-03 00:00:00+00:00,78
2025-01-04 00:00:00+00:00,89
2025-01-05 00:00:00+00:00,107
2025-01-06 00:00:00+00:00,110
2025-01-07 00:00:00+00:00,101
2025-01-08 00:00:00+00:00,81
2025-01-09 00:00:00+00:00,97
2025-01-10 00:00:00+00:00,75
2025-01-11 00:00:00+00:00,70
2025-01-12 00:00:00+00:00,76
2025-01-13 00:00:00+00:00,82
2025-01-14 00:00:00+00:00,72
2025-01-15 00:00:00+00:00,65
2025-01-16 00:00:00+00:00,73
2025-01-17 00:00:00+00:00,76
2025-01-18 00:00:00+00:00,79
2025-01-19 00:00:00+00:00,75
2025-01-20 00:00:00+00:00,89
2025-01-21 00:00:00+00:00,112
2025-01-22 00:00:00+00:00,116
2025-01-23 00:00:00+00:00,104
2025-01-24 00:00:00+00:00,78
2025-01-25 00:00:00+00:00,59
2025-01-26 00:00:00+00:00,58
2025-01-27 00:00:00+00:00,81
2025-01-28 00:00:00+00:00,90
2025-01-29 00:00:00+00:00,83
2025-01-30 00:00:00+00:00,99
2025-01-31 00:00:00+00:00,71
2025-02-01 00:00:00+00:00,87
2025-02-02 00:00:00+00:00,80
2025-02-03 00:00:00+00:00,92
2025-02-04 00:00:00+00:00,91
2025-02-05 00:00:00+00:00,80
2025-02-06 00:00:00+00:00,79
2025-02-07 00:00:00+00:00,92
2025-02-08 00:00:00+00:00,63
2025-02-09 00:00:00+00:00,66
2025-02-10 00:00:00+00:00,82
2025-02-11 00:00:00+00:00,83
2025-02-12 00:00:00+00:00,86
2025-02-13 00:00:00+00:00,79
2025-02-14 00:00:00+00:00,74
2025-02-15 00:00:00+00:00,104
2025-02-16 00:00:00+00:00,96
2025-02-17 00:00:00+00:00,73
2025-02-18 00:00:00+00:00,63
2025-02-19 00:00:00+00:00,70
2025-02-20 00:00:00+00:00,66
2025-02-21 00:00:00+00:00,57
2025-02-22 00:00:00+00:00,101
2025-02-23 00:00:00+00:00,83
2025-02-24 00:00:00+00:00,87
2025-02-25 00:00:00+00:00,79
2025-02-26 00:00:00+00:00,62
2025-02-27 00:00:00+00:00,62
2025-02-28 00:00:00+00:00,87
