Date,PM2.5,PM10,NO2,NH3,SO2,CO,OZONE,AQI
2019-05-01T00:00:00Z,81,140,13,2,28,22,23,140
2019-05-02T00:00:00Z,129,214,14,2,17,25,25,214
2019-05-03T00:00:00Z,89,144,11,2,17,13,43,144
2019-05-04T00:00:00Z,-,-,-,-,-,20,23,23
2019-05-05T00:00:00Z,78,116,6,2,13,27,25,116
2019-05-06T00:00:00Z,65,109,4,5,12,23,30,109
2019-05-07T00:00:00Z,62,105,6,4,13,34,8,105
2019-05-08T00:00:00Z,55,101,6,4,14,26,14,101
2019-05-09T00:00:00Z,58,104,8,2,34,22,21,104
2019-05-10T00:00:00Z,50,80,6,3,29,19,12,80
2019-05-11T00:00:00Z,41,76,5,2,21,17,11,76
2019-05-12T00:00:00Z,51,94,5,3,13,15,16,94
2019-05-13T00:00:00Z,63,121,5,2,14,15,21,121
2019-05-14T00:00:00Z,64,108,5,2,17,13,16,108
2019-05-15T00:00:00Z,61,110,5,2,20,17,28,110
2019-05-16T00:00:00Z,54,96,5,2,12,16,21,96
2019-05-17T00:00:00Z,-,-,-,-,-,29,17,29
2019-05-18T00:00:00Z,48,108,3,2,6,21,27,108
2019-05-19T00:00:00Z,48,97,4,2,5,29,19,97
2019-05-20T00:00:00Z,46,95,5,2,7,46,13,95
2019-05-21T00:00:00Z,47,86,5,2,9,39,12,86
2019-05-22T00:00:00Z,46,88,4,2,10,35,17,88
2019-05-23T00:00:00Z,42,80,4,2,10,26,32,80
2019-05-24T00:00:00Z,55,104,4,1,9,27,15,104
2019-05-25T00:00:00Z,72,121,4,1,14,38,17,121
2019-05-26T00:00:00Z,77,120,5,2,15,47,11,120
2019-05-27T00:00:00Z,72,122,5,2,20,38,24,122
2019-05-28T00:00:00Z,66,116,6,1,24,49,14,116
2019-05-29T00:00:00Z,70,116,6,2,19,52,9,116
2019-05-30T00:00:00Z,58,117,8,2,15,53,16,117
2019-05-31T00:00:00Z,55,96,9,2,17,42,25,96
2019-06-01T00:00:00Z,62,104,8,2,20,32,42,104
2019-06-02T00:00:00Z,60,98,8,2,12,27,44,98
2019-06-03T00:00:00Z,59,98,9,2,13,28,50,98
2019-06-04T00:00:00Z,57,98,8,2,10,28,50,98
2019-06-05T00:00:00Z,46,98,8,2,12,29,43,98
2019-06-06T00:00:00Z,54,90,8,2,12,29,43,90
2019-06-07T00:00:00Z,54,100,8,2,12,22,73,100
2019-06-08T00:00:00Z,54,104,11,2,17,30,35,104
2019-06-09T00:00:00Z,55,102,8,2,19,16,26,102
2019-06-09T00:00:00Z,55,102,8,2,19,16,26,102
2019-06-11T00:00:00Z,46,89,9,2,17,19,24,89
2019-06-12T00:00:00Z,46,85,8,2,18,19,22,85
2019-06-13T00:00:00Z,60,109,7,2,6,13,40,109
2019-06-14T00:00:00Z,39,58,6,2,3,9,33,58
2019-06-15T00:00:00Z,51,75,7,2,4,8,30,75
2019-06-16T00:00:00Z,50,63,7,2,4,22,-,63
2019-06-17T00:00:00Z,49,72,7,2,4,13,,72
2019-06-18T00:00:00Z,45,66,7,2,8,11,,66
2019-06-19T00:00:00Z,33,48,6,2,2,11,,48
2019-06-20T00:00:00Z,55,73,7,2,2,6,,73
2019-06-21T00:00:00Z,52,75,9,2,3,12,,75
2019-06-22T00:00:00Z,59,94,9,2,4,17,,94
2019-06-23T00:00:00Z,64,86,7,2,9,7,,86
2019-06-24T00:00:00Z,55,75,8,2,7,11,,75
2019-06-25T00:00:00Z,80,86,11,2,5,46,,86
2019-06-26T00:00:00Z,71,75,9,2,4,17,,75
2019-06-27T00:00:00Z,68,84,8,2,3,7,,84
2019-06-28T00:00:00Z,46,64,7,2,3,18,,64
2019-06-29T00:00:00Z,42,63,8,2,3,21,,63
2019-06-30T00:00:00Z,45,74,8,2,6,15,34,74
2019-07-01T00:00:00Z,53,88,6,2,3,9,34,88
2019-07-02T00:00:00Z,41,67,7,2,3,13,34,67
2019-07-03T00:00:00Z,46,79,7,2,2,15,34,79
2019-07-04T00:00:00Z,33,53,8,2,2,12,34,53
2019-07-05T00:00:00Z,40,65,11,2,2,27,34,65
2019-07-06T00:00:00Z,46,76,10,1,2,15,34,76
2019-07-07T00:00:00Z,47,76,10,2,2,10,34,76
2019-07-08T00:00:00Z,43,69,9,2,2,8,34,69
2019-07-09T00:00:00Z,55,87,8,1,2,13,34,87
2019-07-10T00:00:00Z,52,86,7,1,3,11,34,86
2019-07-11T00:00:00Z,52,93,8,1,3,14,34,93
2019-07-12T00:00:00Z,46,78,7,1,3,12,34,78
2019-07-13T00:00:00Z,42,77,8,1,3,12,34,77
2019-07-14T00:00:00Z,45,75,8,2,4,14,34,75
2019-07-15T00:00:00Z,45,82,7,2,5,15,34,82
2019-07-16T00:00:00Z,44,84,8,2,5,21,34,84
2019-07-17T00:00:00Z,43,71,8,2,5,24,34,71
2019-07-18T00:00:00Z,45,70,8,2,4,26,34,70
2019-07-19T00:00:00Z,50,76,8,2,5,26,34,76
2019-07-20T00:00:00Z,53,82,8,2,6,34,34,82
2019-07-21T00:00:00Z,60,83,7,1,10,28,34,83
2019-07-22T00:00:00Z,58,64,7,1,5,34,34,64
2019-07-23T00:00:00Z,35,41,8,1,4,36,34,41
2019-07-24T00:00:00Z,53,48,7,2,3,32,34,53
2019-07-25T00:00:00Z,44,52,7,2,4,33,34,52
2019-07-26T00:00:00Z,41,57,7,2,4,32,34,57
2019-07-27T00:00:00Z,49,62,7,3,4,35,34,62
2019-07-28T00:00:00Z,55,81,7,1,4,32,34,81
2019-07-29T00:00:00Z,55,75,7,1,4,35,34,75
2019-07-30T00:00:00Z,34,37,8,1,4,36,34,37
2019-07-31T00:00:00Z,32,23,7,1,4,33,34,34
2019-08-01T00:00:00Z,23,21,10,1,4,30,30,30
2019-08-02T00:00:00Z,34,38,15,1,4,46,30,46
2019-08-03T00:00:00Z,35,51,16,1,4,31,30,51
2019-08-04T00:00:00Z,37,55,16,1,3,32,30,55
2019-08-05T00:00:00Z,39,57,16,1,3,30,30,57
2019-08-06T00:00:00Z,48,75,20,2,3,24,30,75
2019-08-07T00:00:00Z,49,73,16,2,3,25,30,73
2019-08-08T00:00:00Z,51,84,13,3,4,27,30,84
2019-08-09T00:00:00Z,62,97,12,2,4,28,30,97
2019-08-10T00:00:00Z,39,49,14,3,4,25,30,49
2019-08-11T00:00:00Z,10,11,17,3,3,20,30,30
2019-08-12T00:00:00Z,43,48,17,3,4,20,30,48
2019-08-13T00:00:00Z,48,71,17,3,4,25,30,71
2019-08-14T00:00:00Z,54,91,14,2,4,21,30,91
2019-08-15T00:00:00Z,50,78,15,3,4,22,30,78
2019-08-16T00:00:00Z,31,36,17,3,4,20,30,36
2019-08-17T00:00:00Z,29,27,13,2,4,17,31,31
2019-08-18T00:00:00Z,30,45,11,2,4,17,30,45
2019-08-19T00:00:00Z,34,46,11,2,5,17,30,46
2019-08-20T00:00:00Z,44,55,15,3,5,26,30,55
2019-08-21T00:00:00Z,47,57,-,-,4,33,30,57
2019-08-22T00:00:00Z,52,68,,,4,30,30,68
2019-08-23T00:00:00Z,50,75,-,-,4,32,30,75
2019-08-24T00:00:00Z,48,67,-,-,4,32,30,67
2019-08-25T00:00:00Z,45,60,18,1,5,27,30,60
2019-08-26T00:00:00Z,36,52,19,1,5,30,30,52
2019-08-27T00:00:00Z,43,58,25,1,5,53,30,58
2019-08-28T00:00:00Z,48,54,-,-,4,30,30,54
2019-08-29T00:00:00Z,34,34,-,-,5,34,30,34
2019-08-30T00:00:00Z,42,55,18,2,4,30,30,55
2019-08-31T00:00:00Z,44,72,18,2,4,30,30,72
2019-09-01T00:00:00Z,42,62,18,2,4,37,30,62
2019-09-02T00:00:00Z,38,49,18,2,5,32,30,49
2019-09-03T00:00:00Z,31,47,18,2,5,34,30,47
2019-09-04T00:00:00Z,38,55,26,2,5,38,24,55
2019-09-05T00:00:00Z,35,38,20,2,4,37,24,38
2019-09-06T00:00:00Z,22,27,16,2,4,36,23,36
2019-09-07T00:00:00Z,36,40,27,3,4,51,23,51
2019-09-08T00:00:00Z,38,51,14,2,4,32,24,51
2019-09-09T00:00:00Z,33,32,6,1,5,26,24,33
2019-09-10T00:00:00Z,42,41,7,1,5,40,23,42
2019-09-11T00:00:00Z,32,23,8,1,5,40,24,40
2019-09-12T00:00:00Z,41,43,10,1,5,41,24,43
2019-09-13T00:00:00Z,37,41,18,2,6,50,24,50
2019-09-14T00:00:00Z,45,59,18,2,5,43,24,59
2019-09-15T00:00:00Z,39,43,18,2,5,46,24,46
2019-09-16T00:00:00Z,47,50,18,2,5,34,23,50
2019-09-17T00:00:00Z,46,54,18,2,5,46,23,54
2019-09-18T00:00:00Z,50,66,18,2,5,65,24,66
2019-09-19T00:00:00Z,64,69,18,2,5,31,24,69
2019-09-20T00:00:00Z,43,47,18,2,5,27,23,47
2019-09-21T00:00:00Z,31,31,18,2,6,28,23,31
2019-09-22T00:00:00Z,34,35,18,2,5,38,24,38
2019-09-23T00:00:00Z,36,35,18,2,6,46,24,46
2019-09-24T00:00:00Z,63,65,17,2,6,37,24,65
2019-09-25T00:00:00Z,39,45,18,3,6,64,24,64
2019-09-26T00:00:00Z,41,44,18,3,5,33,24,44
2019-09-27T00:00:00Z,-,-,18,3,6,53,23,53
2019-09-28T00:00:00Z,-,26,18,3,5,29,24,29
2019-09-29T00:00:00Z,24,34,18,3,6,30,24,34
2019-09-30T00:00:00Z,22,36,18,3,6,24,23,36
2019-10-01T00:00:00Z,14,26,18,3,6,26,23,26
2019-10-02T00:00:00Z,25,41,18,3,6,40,24,41
2019-10-03T00:00:00Z,37,58,18,3,6,62,24,62
2019-10-04T00:00:00Z,51,75,18,3,6,49,23,75
2019-10-05T00:00:00Z,37,76,18,3,7,59,23,76
2019-10-06T00:00:00Z,24,87,18,3,6,54,24,87
2019-10-07T00:00:00Z,13,56,18,3,6,59,24,59
2019-10-08T00:00:00Z,66,91,18,3,7,85,23,91
2019-10-09T00:00:00Z,65,85,18,3,6,76,24,85
2019-10-10T00:00:00Z,68,90,18,3,6,74,24,90
2019-10-11T00:00:00Z,71,96,18,3,7,72,,96
2019-10-12T00:00:00Z,54,86,18,3,7,85,32,86
2019-10-13T00:00:00Z,71,95,18,3,7,88,31,95
2019-10-14T00:00:00Z,70,89,18,3,7,84,31,89
2019-10-15T00:00:00Z,104,124,18,3,8,102,31,124
2019-10-16T00:00:00Z,116,131,18,3,8,107,31,131
2019-10-17T00:00:00Z,117,120,18,3,8,106,32,120
2019-10-18T00:00:00Z,98,124,18,3,8,93,32,124
2019-10-19T00:00:00Z,80,115,18,4,7,83,31,115
2019-10-20T00:00:00Z,69,104,,,7,71,31,104
2019-10-21T00:00:00Z,54,95,,,8,63,31,95
2019-10-22T00:00:00Z,46,101,-,-,7,77,31,101
2019-10-23T00:00:00Z,46,109,18,3,8,72,31,109
2019-10-24T00:00:00Z,39,76,78,7,-,11,31,78
2019-10-25T00:00:00Z,23,88,135,13,4,35,31,135
2019-10-26T00:00:00Z,39,106,48,5,5,41,31,106
2019-10-27T00:00:00Z,69,98,33,4,5,25,31,98
2019-10-28T00:00:00Z,62,71,26,4,4,22,31,71
2019-10-29T00:00:00Z,58,59,24,4,3,24,31,59
2019-10-30T00:00:00Z,45,47,25,4,3,14,31,47
2019-10-31T00:00:00Z,23,34,49,7,4,79,31,79
2019-11-01T00:00:00Z,60,67,54,6,4,53,31,67
2019-11-02T00:00:00Z,73,77,38,5,3,44,31,77
2019-11-03T00:00:00Z,71,68,45,6,2,34,31,71
2019-11-04T00:00:00Z,30,44,48,6,2,57,31,57
2019-11-05T00:00:00Z,53,70,68,7,5,54,31,70
2019-11-06T00:00:00Z,96,105,74,8,8,81,31,105
2019-11-07T00:00:00Z,123,111,64,7,6,42,31,123
2019-11-08T00:00:00Z,49,52,36,5,4,28,32,52
2019-11-09T00:00:00Z,74,82,65,7,9,73,31,82
2019-11-10T00:00:00Z,94,101,63,6,8,64,31,101
2019-11-11T00:00:00Z,160,115,56,6,7,50,31,160
2019-11-12T00:00:00Z,169,121,66,7,7,56,31,169
2019-11-13T00:00:00Z,163,111,79,7,6,38,31,163
2019-11-14T00:00:00Z,100,104,61,6,6,28,31,104
2019-11-15T00:00:00Z,79,100,63,8,10,69,13,100
2019-11-16T00:00:00Z,67,82,54,6,8,40,13,82
2019-11-17T00:00:00Z,107,101,82,9,13,82,13,107
2019-11-18T00:00:00Z,111,90,64,7,13,71,15,111
2019-11-19T00:00:00Z,72,76,64,6,13,66,15,76
2019-11-20T00:00:00Z,64,74,49,4,12,40,15,74
2019-11-21T00:00:00Z,60,71,56,6,14,69,21,71
2019-11-22T00:00:00Z,54,61,35,4,8,30,30,61
2019-11-23T00:00:00Z,69,71,-,-,13,76,16,76
2019-11-24T00:00:00Z,78,80,53,5,15,81,18,81
2019-11-25T00:00:00Z,80,81,49,5,13,70,21,81
2019-11-26T00:00:00Z,62,77,-,-,16,76,20,77
2019-11-27T00:00:00Z,74,80,28,3,13,64,18,80
2019-11-28T00:00:00Z,66,72,,,15,34,19,72
2019-11-29T00:00:00Z,55,64,,,9,35,43,64
2019-11-30T00:00:00Z,63,65,,,8,34,38,65
2019-12-01T00:00:00Z,70,74,,,6,71,21,74
2019-12-02T00:00:00Z,61,59,,,6,34,26,61
2019-12-03T00:00:00Z,56,59,-,,6,23,46,59
2019-12-04T00:00:00Z,60,68,,,7,29,40,68
2019-12-05T00:00:00Z,50,63,,,8,38,41,63
2019-12-06T00:00:00Z,52,69,-,-,9,39,41,69
2019-12-07T00:00:00Z,53,74,16,1,9,43,38,74
2019-12-08T00:00:00Z,78,90,11,1,11,59,47,90
2019-12-09T00:00:00Z,84,85,11,1,10,80,32,85
2019-12-10T00:00:00Z,86,87,18,1,9,73,27,87
2019-12-11T00:00:00Z,92,96,22,2,9,81,24,96
2019-12-12T00:00:00Z,70,77,17,2,9,69,24,77
2019-12-13T00:00:00Z,59,64,23,2,13,19,33,64
2019-12-14T00:00:00Z,40,43,15,2,4,21,29,43
2019-12-15T00:00:00Z,54,68,16,2,4,33,25,68
2019-12-16T00:00:00Z,54,59,9,1,5,25,40,59
2019-12-17T00:00:00Z,49,70,9,1,7,36,35,70
2019-12-18T00:00:00Z,48,66,7,1,7,28,42,66
2019-12-19T00:00:00Z,73,79,11,2,6,66,25,79
2019-12-20T00:00:00Z,92,92,7,2,6,89,22,92
2019-12-21T00:00:00Z,88,83,22,2,6,72,23,88
2019-12-22T00:00:00Z,56,60,22,2,10,63,27,63
2019-12-23T00:00:00Z,43,45,4,2,8,37,55,55
2019-12-24T00:00:00Z,58,63,4,2,8,42,45,63
2019-12-25T00:00:00Z,75,79,12,3,7,45,36,79
2019-12-26T00:00:00Z,81,75,18,2,6,54,27,81
2019-12-27T00:00:00Z,72,81,16,2,7,40,26,81
2019-12-27T00:00:00Z,72,81,16,2,7,40,26,81
2019-12-27T00:00:00Z,72,81,16,2,7,40,26,81
2019-12-27T00:00:00Z,72,81,16,2,7,40,26,81
2019-12-31T00:00:00Z,-,-,-,-,-,21,23,23
2020-01-01T00:00:00Z,-,-,-,-,-,20,40,40
2020-01-02T00:00:00Z,86,78,16,1,6,15,40,86
2020-01-03T00:00:00Z,69,74,19,1,4,21,35,74
2020-01-04T00:00:00Z,67,79,24,1,6,41,24,79
2020-01-05T00:00:00Z,68,83,22,1,7,68,23,83
2020-01-05T00:00:00Z,68,83,22,1,7,68,23,83
2020-01-07T00:00:00Z,-,-,-,-,-,33,23,33
2020-01-08T00:00:00Z,-,-,-,-,-,33,21,33
2020-01-09T00:00:00Z,61,67,14,1,7,21,31,67
2020-01-10T00:00:00Z,44,60,12,2,5,29,26,60
2020-01-11T00:00:00Z,41,61,11,2,7,24,41,61
2020-01-12T00:00:00Z,41,51,11,2,8,28,41,51
2020-01-13T00:00:00Z,48,50,12,2,8,35,40,50
2020-01-14T00:00:00Z,83,84,20,2,7,36,17,84
2020-01-15T00:00:00Z,37,42,17,2,7,29,39,42
2020-01-16T00:00:00Z,46,56,18,2,8,33,46,56
2020-01-17T00:00:00Z,57,67,25,2,8,38,29,67
2020-01-18T00:00:00Z,86,84,22,2,9,57,17,86
2020-01-19T00:00:00Z,-,-,15,2,10,46,26,46
2020-01-20T00:00:00Z,47,67,13,2,10,49,23,67
2020-01-21T00:00:00Z,46,65,14,2,8,51,17,65
2020-01-22T00:00:00Z,-,-,-,-,-,61,5,61
2020-01-23T00:00:00Z,58,71,16,2,10,48,20,71
2020-01-24T00:00:00Z,54,64,10,2,8,35,37,64
2020-01-25T00:00:00Z,47,62,12,2,15,30,22,62
2020-01-26T00:00:00Z,74,79,14,2,10,48,25,79
2020-01-27T00:00:00Z,107,91,19,2,10,57,25,107
2020-01-28T00:00:00Z,82,74,18,2,10,17,26,82
2020-01-29T00:00:00Z,27,48,10,2,10,14,32,48
2020-01-30T00:00:00Z,43,54,14,2,10,29,19,54
2020-01-31T00:00:00Z,56,64,15,2,10,43,20,64
2020-02-01T00:00:00Z,80,84,15,2,10,47,29,84
2020-02-02T00:00:00Z,57,79,14,2,10,52,28,79
2020-02-03T00:00:00Z,50,73,10,2,10,39,35,73
2020-02-04T00:00:00Z,57,80,12,2,10,53,31,80
2020-02-05T00:00:00Z,-,-,14,1,10,46,24,46
2020-02-06T00:00:00Z,75,92,16,1,10,59,25,92
2020-02-07T00:00:00Z,57,72,11,2,10,44,32,72
2020-02-08T00:00:00Z,83,96,11,2,9,78,23,96
2020-02-09T00:00:00Z,86,94,9,2,8,45,44,94
2020-02-10T00:00:00Z,57,71,6,2,8,44,45,71
2020-02-11T00:00:00Z,64,84,11,2,8,70,25,84
2020-02-12T00:00:00Z,-,-,-,-,-,76,19,76
2020-02-13T00:00:00Z,110,116,23,2,9,84,17,116
2020-02-14T00:00:00Z,85,94,22,2,7,44,27,94
2020-02-15T00:00:00Z,59,80,19,2,9,43,32,80
2020-02-16T00:00:00Z,74,97,24,2,8,65,27,97
2020-02-17T00:00:00Z,72,94,24,2,7,65,27,94
2020-02-18T00:00:00Z,56,80,-,-,9,76,31,80
2020-02-19T00:00:00Z,84,105,-,-,11,86,19,105
2020-02-20T00:00:00Z,120,124,26,-,19,75,26,124
2020-02-21T00:00:00Z,125,118,27,-,11,70,13,125
2020-02-22T00:00:00Z,59,84,21,2,11,42,31,84
2020-02-23T00:00:00Z,45,73,17,2,8,57,33,73
2020-02-24T00:00:00Z,67,86,17,2,9,54,34,86
2020-02-25T00:00:00Z,79,95,17,2,7,59,25,95
2020-02-26T00:00:00Z,83,102,19,2,7,77,24,102
2020-02-27T00:00:00Z,115,118,18,1,8,79,35,118
2020-02-28T00:00:00Z,131,-,25,1,18,80,29,131
2020-02-29T00:00:00Z,102,122,26,1,12,71,19,122
2020-03-01T00:00:00Z,69,90,23,1,15,65,24,90
2020-03-02T00:00:00Z,58,81,23,1,14,53,20,81
2020-03-03T00:00:00Z,48,77,17,1,12,68,21,77
2020-03-04T00:00:00Z,69,91,22,2,12,60,18,91
2020-03-05T00:00:00Z,47,74,15,3,27,39,20,74
2020-03-06T00:00:00Z,54,81,12,3,16,26,27,81
2020-03-07T00:00:00Z,44,73,9,2,8,34,22,73
2020-03-08T00:00:00Z,57,78,16,2,6,51,29,78
2020-03-09T00:00:00Z,55,74,16,2,7,53,33,74
2020-03-10T00:00:00Z,50,66,9,2,9,44,29,66
2020-03-11T00:00:00Z,61,75,9,3,16,32,22,75
2020-03-12T00:00:00Z,39,67,8,2,11,33,29,67
2020-03-13T00:00:00Z,42,77,10,2,17,46,25,77
2020-03-14T00:00:00Z,53,92,10,2,12,40,24,92
2020-03-15T00:00:00Z,44,84,9,2,7,46,39,84
2020-03-16T00:00:00Z,41,88,10,2,8,57,27,88
2020-03-17T00:00:00Z,44,75,13,2,9,56,25,75
2020-03-18T00:00:00Z,59,93,14,2,9,74,20,93
2020-03-19T00:00:00Z,58,86,13,2,16,73,16,86
2020-03-20T00:00:00Z,83,100,15,2,24,57,24,100
2020-03-21T00:00:00Z,54,75,11,2,28,53,24,75
2020-03-22T00:00:00Z,58,84,9,2,18,53,15,84
2020-03-23T00:00:00Z,59,87,7,3,15,49,25,87
2020-03-24T00:00:00Z,56,79,8,3,9,47,39,79
2020-03-25T00:00:00Z,45,73,6,3,7,39,28,73
2020-03-26T00:00:00Z,43,73,6,3,6,44,27,73
2020-03-27T00:00:00Z,44,74,6,3,5,34,19,74
2020-03-28T00:00:00Z,30,29,5,3,4,34,23,34
2020-03-29T00:00:00Z,47,52,7,3,5,33,17,52
2020-03-30T00:00:00Z,43,54,8,3,5,42,28,54
2020-03-31T00:00:00Z,50,57,8,2,6,41,18,57
2020-04-01T00:00:00Z,62,73,7,3,9,35,30,73
2020-04-02T00:00:00Z,49,72,6,3,7,35,26,72
2020-04-03T00:00:00Z,41,63,7,2,6,41,24,63
2020-04-03T00:00:00Z,41,63,7,2,6,41,24,63
2020-04-03T00:00:00Z,41,63,7,2,6,41,24,63
2020-04-03T00:00:00Z,41,63,7,2,6,41,24,63
2020-04-07T00:00:00Z,-,-,-,-,-,55,20,55
2020-04-08T00:00:00Z,53,78,6,2,10,42,24,78
2020-04-09T00:00:00Z,56,91,5,2,8,41,27,91
2020-04-10T00:00:00Z,49,76,6,2,9,44,17,76
2020-04-11T00:00:00Z,44,67,6,2,9,43,19,67
2020-04-12T00:00:00Z,44,63,6,2,7,44,20,63
2020-04-13T00:00:00Z,42,62,4,2,8,41,29,62
2020-04-14T00:00:00Z,37,54,5,2,7,46,28,54
2020-04-15T00:00:00Z,43,58,5,2,7,44,28,58
2020-04-16T00:00:00Z,40,59,5,2,7,49,31,59
2020-04-17T00:00:00Z,57,74,5,2,9,44,32,74
2020-04-18T00:00:00Z,42,73,5,2,8,47,29,73
2020-04-19T00:00:00Z,35,62,4,2,9,40,35,62
2020-04-20T00:00:00Z,28,53,3,2,9,40,31,53
2020-04-21T00:00:00Z,36,54,4,2,10,41,30,54
2020-04-22T00:00:00Z,35,63,3,2,6,39,32,63
2020-04-23T00:00:00Z,39,73,3,2,7,40,28,73
2020-04-24T00:00:00Z,38,73,3,2,9,37,37,73
2020-04-25T00:00:00Z,34,60,3,3,8,36,37,60
2020-04-26T00:00:00Z,32,68,3,3,7,33,37,68
2020-04-27T00:00:00Z,31,64,3,3,6,33,33,64
2020-04-28T00:00:00Z,35,64,5,4,9,40,30,64
2020-04-29T00:00:00Z,42,80,4,4,9,37,34,80
2020-04-30T00:00:00Z,37,66,4,4,9,36,34,66
2020-05-01T00:00:00Z,35,65,4,4,10,38,39,65
2020-05-02T00:00:00Z,42,84,4,4,10,37,34,84
2020-05-03T00:00:00Z,29,50,3,3,10,36,36,50
2020-05-04T00:00:00Z,30,55,3,3,8,33,36,55
2020-05-05T00:00:00Z,26,60,2,3,7,32,38,60
2020-05-06T00:00:00Z,40,103,3,3,7,35,39,103
2020-05-07T00:00:00Z,39,79,3,3,8,34,44,79
2020-05-08T00:00:00Z,38,55,3,3,9,35,46,55
2020-05-09T00:00:00Z,40,50,3,3,11,32,37,50
2020-05-10T00:00:00Z,36,50,2,3,8,32,37,50
2020-05-11T00:00:00Z,36,52,2,3,9,31,37,52
2020-05-12T00:00:00Z,41,57,2,4,12,30,33,57
2020-05-13T00:00:00Z,42,70,3,3,7,31,39,70
2020-05-14T00:00:00Z,46,70,4,3,10,31,35,70
2020-05-15T00:00:00Z,46,61,4,4,10,31,37,61
2020-05-16T00:00:00Z,44,59,4,4,10,31,47,59
2020-05-17T00:00:00Z,68,98,4,3,8,35,39,98
2020-05-18T00:00:00Z,49,66,4,3,9,34,36,66
2020-05-19T00:00:00Z,41,67,4,3,8,34,39,67
2020-05-20T00:00:00Z,33,49,5,3,10,36,43,49
2020-05-21T00:00:00Z,31,68,4,4,11,35,40,68
2020-05-22T00:00:00Z,40,72,5,4,11,37,39,72
2020-05-23T00:00:00Z,36,72,5,3,14,37,41,72
2020-05-24T00:00:00Z,37,72,4,3,12,34,42,72
2020-05-25T00:00:00Z,30,58,4,3,12,35,40,58
2020-05-26T00:00:00Z,36,70,4,3,13,35,44,70
2020-05-27T00:00:00Z,39,75,3,3,9,33,38,75
2020-05-28T00:00:00Z,43,85,4,4,9,31,40,85
2020-05-29T00:00:00Z,41,80,3,3,11,30,35,80
2020-05-30T00:00:00Z,28,64,3,3,8,29,25,64
2020-05-31T00:00:00Z,29,47,3,3,7,28,29,47
2020-06-01T00:00:00Z,31,56,2,3,8,27,35,56
2020-06-02T00:00:00Z,36,80,3,3,9,28,32,80
2020-06-03T00:00:00Z,34,47,3,3,8,30,23,47
2020-06-04T00:00:00Z,41,57,6,4,9,30,21,57
2020-06-05T00:00:00Z,31,52,6,3,8,28,16,52
2020-06-06T00:00:00Z,34,57,5,3,7,26,21,57
2020-06-07T00:00:00Z,27,36,5,3,7,26,25,36
2020-06-08T00:00:00Z,28,37,5,3,7,25,20,37
2020-06-09T00:00:00Z,27,34,5,3,7,26,10,34
2020-06-10T00:00:00Z,37,40,5,3,7,20,24,40
2020-06-11T00:00:00Z,40,68,4,3,7,19,27,68
2020-06-12T00:00:00Z,35,46,5,3,6,20,25,46
2020-06-13T00:00:00Z,48,64,5,3,6,18,28,64
2020-06-14T00:00:00Z,38,38,4,3,6,18,20,38
2020-06-15T00:00:00Z,39,42,3,3,6,14,23,42
2020-06-16T00:00:00Z,36,40,4,3,6,13,22,40
2020-06-17T00:00:00Z,50,68,4,3,7,12,21,68
2020-06-18T00:00:00Z,34,52,4,3,6,10,26,52
2020-06-19T00:00:00Z,23,30,5,3,6,8,29,30
2020-06-20T00:00:00Z,35,49,4,3,6,7,22,49
2020-06-21T00:00:00Z,43,64,4,3,7,7,30,64
2020-06-22T00:00:00Z,34,55,4,3,7,7,20,55
2020-06-23T00:00:00Z,27,42,4,3,7,7,23,42
2020-06-24T00:00:00Z,33,48,3,3,7,6,25,48
2020-06-25T00:00:00Z,23,32,4,3,7,8,20,32
2020-06-26T00:00:00Z,39,46,5,3,7,8,21,46
2020-06-27T00:00:00Z,49,67,4,3,7,6,25,67
2020-06-28T00:00:00Z,38,60,4,3,7,6,24,60
2020-06-29T00:00:00Z,36,56,3,3,8,6,26,56
2020-06-30T00:00:00Z,32,49,3,3,7,6,23,49
2020-07-01T00:00:00Z,28,42,3,3,7,8,23,42
2020-07-02T00:00:00Z,39,42,3,3,7,6,22,42
2020-07-03T00:00:00Z,28,39,3,3,7,6,21,39
2020-07-04T00:00:00Z,58,66,2,2,8,6,22,66
2020-07-05T00:00:00Z,40,46,2,3,8,6,19,46
2020-07-06T00:00:00Z,54,62,2,3,8,6,20,62
2020-07-07T00:00:00Z,36,41,2,3,8,6,15,41
2020-07-08T00:00:00Z,36,41,2,4,7,6,16,41
2020-07-09T00:00:00Z,39,44,2,4,8,6,16,44
2020-07-10T00:00:00Z,39,45,6,3,8,6,17,45
2020-07-11T00:00:00Z,25,34,8,3,7,6,24,34
2020-07-12T00:00:00Z,24,33,7,3,7,6,29,33
2020-07-13T00:00:00Z,28,27,7,3,7,6,11,28
2020-07-14T00:00:00Z,31,44,8,3,7,6,23,44
2020-07-15T00:00:00Z,39,49,8,3,7,6,24,49
2020-07-16T00:00:00Z,33,44,8,3,7,6,20,44
2020-07-17T00:00:00Z,42,44,9,4,7,6,27,44
2020-07-18T00:00:00Z,34,29,8,4,7,6,27,34
2020-07-19T00:00:00Z,27,29,7,4,8,6,30,30
2020-07-20T00:00:00Z,31,37,8,4,8,6,8,37
2020-07-21T00:00:00Z,32,42,7,4,8,6,31,42
2020-07-22T00:00:00Z,35,49,7,3,8,6,23,49
2020-07-23T00:00:00Z,39,58,8,3,8,6,33,58
2020-07-24T00:00:00Z,31,55,10,3,8,6,32,55
2020-07-25T00:00:00Z,45,77,10,3,8,6,23,77
2020-07-26T00:00:00Z,27,27,8,3,8,6,60,60
2020-07-27T00:00:00Z,29,29,10,3,8,6,43,43
2020-07-28T00:00:00Z,20,25,10,3,7,6,29,29
2020-07-29T00:00:00Z,32,39,8,3,8,6,23,39
2020-07-30T00:00:00Z,38,59,8,3,8,6,21,59
2020-07-31T00:00:00Z,45,55,8,2,8,6,21,55
2020-08-01T00:00:00Z,53,53,8,3,8,6,11,53
2020-08-02T00:00:00Z,38,50,7,3,9,6,21,50
2020-08-03T00:00:00Z,33,44,6,2,9,6,23,44
2020-08-04T00:00:00Z,23,32,6,3,9,6,19,32
2020-08-05T00:00:00Z,24,31,6,3,9,7,27,31
2020-08-06T00:00:00Z,30,42,7,3,9,7,15,42
2020-08-07T00:00:00Z,29,33,7,3,8,15,26,33
2020-08-08T00:00:00Z,38,38,6,3,8,20,20,38
2020-08-09T00:00:00Z,38,48,6,3,9,21,20,48
2020-08-10T00:00:00Z,33,30,7,3,8,24,18,33
2020-08-11T00:00:00Z,31,36,6,3,9,26,13,36
2020-08-12T00:00:00Z,30,42,8,3,8,25,21,42
2020-08-13T00:00:00Z,18,23,8,3,8,19,18,23
2020-08-14T00:00:00Z,16,19,22,3,8,20,11,22
2020-08-15T00:00:00Z,23,24,30,2,8,20,15,30
2020-08-16T00:00:00Z,23,31,15,3,8,20,15,31
2020-08-17T00:00:00Z,22,31,15,3,8,20,10,31
2020-08-18T00:00:00Z,28,34,15,2,8,19,16,34
2020-08-19T00:00:00Z,23,26,14,3,8,17,10,26
2020-08-19T00:00:00Z,23,26,14,3,8,17,10,26
2020-08-21T00:00:00Z,-,-,-,-,-,14,11,14
2020-08-22T00:00:00Z,30,32,-,-,6,20,12,32
2020-08-23T00:00:00Z,29,28,-,-,4,22,12,29
2020-08-24T00:00:00Z,16,13,23,6,3,22,19,23
2020-08-25T00:00:00Z,-,-,23,6,3,20,14,23
2020-08-26T00:00:00Z,20,31,16,4,3,16,21,31
2020-08-27T00:00:00Z,24,37,14,4,3,22,19,37
2020-08-28T00:00:00Z,29,42,19,3,3,20,19,42
2020-08-29T00:00:00Z,27,35,17,2,4,24,14,35
2020-08-30T00:00:00Z,24,38,14,2,3,18,15,38
2020-08-31T00:00:00Z,25,30,14,2,4,23,9,30
2020-09-01T00:00:00Z,19,25,15,2,3,20,16,25
2020-09-02T00:00:00Z,28,46,15,2,3,20,17,46
2020-09-03T00:00:00Z,41,53,18,2,3,26,17,53
2020-09-04T00:00:00Z,51,62,16,2,4,21,20,62
2020-09-05T00:00:00Z,50,57,15,2,4,24,24,57
2020-09-06T00:00:00Z,55,67,16,2,5,26,20,67
2020-09-07T00:00:00Z,51,61,15,2,4,25,16,61
2020-09-08T00:00:00Z,39,56,16,2,4,24,18,56
2020-09-09T00:00:00Z,39,61,15,2,4,24,18,61
2020-09-10T00:00:00Z,55,64,19,1,4,47,15,64
2020-09-11T00:00:00Z,59,64,19,1,4,20,22,64
2020-09-12T00:00:00Z,62,66,18,2,4,18,19,66
2020-09-13T00:00:00Z,34,29,14,2,4,21,22,34
2020-09-14T00:00:00Z,32,35,13,2,4,21,18,35
2020-09-15T00:00:00Z,28,35,12,2,4,21,20,35
2020-09-16T00:00:00Z,32,43,15,2,4,24,19,43
2020-09-17T00:00:00Z,45,57,16,2,4,24,17,57
2020-09-18T00:00:00Z,38,48,15,2,4,26,12,48
2020-09-19T00:00:00Z,-,-,-,-,-,24,21,24
2020-09-20T00:00:00Z,47,68,15,2,5,28,20,68
2020-09-21T00:00:00Z,32,39,13,2,5,27,18,39
2020-09-22T00:00:00Z,34,39,14,2,5,26,20,39
2020-09-23T00:00:00Z,41,67,15,2,4,28,21,67
2020-09-24T00:00:00Z,54,77,17,1,4,26,22,77
2020-09-25T00:00:00Z,37,52,20,1,4,26,25,52
2020-09-26T00:00:00Z,45,66,30,1,4,25,23,66
2020-09-27T00:00:00Z,36,61,14,2,4,25,23,61
2020-09-28T00:00:00Z,36,55,16,2,4,26,14,55
2020-09-29T00:00:00Z,46,65,19,2,4,30,25,65
2020-09-30T00:00:00Z,48,70,18,2,4,27,17,70
2020-10-01T00:00:00Z,44,60,22,1,4,29,16,60
2020-10-02T00:00:00Z,52,71,22,1,4,28,17,71
2020-10-03T00:00:00Z,41,64,17,2,5,28,22,64
2020-10-04T00:00:00Z,42,60,19,2,4,30,26,60
2020-10-05T00:00:00Z,46,67,21,2,5,33,21,67
2020-10-06T00:00:00Z,50,71,20,1,5,30,22,71
2020-10-07T00:00:00Z,47,71,26,2,5,38,20,71
2020-10-08T00:00:00Z,51,80,31,1,5,48,23,80
2020-10-09T00:00:00Z,55,80,36,1,8,40,22,80
2020-10-10T00:00:00Z,56,83,34,1,5,74,22,83
2020-10-11T00:00:00Z,75,89,30,2,6,52,19,89
2020-10-12T00:00:00Z,80,92,26,1,6,38,28,92
2020-10-13T00:00:00Z,72,97,30,2,6,49,19,97
2020-10-14T00:00:00Z,76,102,47,1,6,71,7,102
2020-10-15T00:00:00Z,60,86,26,2,5,42,18,86
2020-10-16T00:00:00Z,62,78,18,3,5,37,19,78
2020-10-17T00:00:00Z,54,61,15,3,4,30,24,61
2020-10-18T00:00:00Z,46,46,16,3,5,35,17,46
2020-10-19T00:00:00Z,47,60,15,3,5,29,17,60
2020-10-20T00:00:00Z,63,71,18,2,5,32,18,71
2020-10-21T00:00:00Z,66,76,27,2,5,47,22,76
2020-10-21T00:00:00Z,66,76,27,2,5,47,22,76
2020-10-21T00:00:00Z,66,76,27,2,5,47,22,76
2020-10-24T00:00:00Z,-,-,-,-,-,65,10,65
2020-10-25T00:00:00Z,95,92,40,2,8,56,17,95
2020-10-26T00:00:00Z,76,83,,,8,60,18,83
2020-10-27T00:00:00Z,71,79,-,-,7,71,18,79
2020-10-28T00:00:00Z,86,96,54,1,7,63,15,96
2020-10-29T00:00:00Z,83,97,55,1,8,73,24,97
2020-10-30T00:00:00Z,73,98,55,1,7,61,19,98
2020-10-31T00:00:00Z,69,79,54,2,8,67,18,79
2020-11-01T00:00:00Z,77,97,47,2,8,67,35,97
2020-11-02T00:00:00Z,93,115,60,2,9,79,15,115
2020-11-03T00:00:00Z,103,123,65,2,8,82,17,123
2020-11-04T00:00:00Z,96,104,62,2,11,89,16,104
2020-11-05T00:00:00Z,101,101,55,4,9,75,18,101
2020-11-06T00:00:00Z,77,90,46,5,8,63,17,90
2020-11-07T00:00:00Z,69,98,53,5,9,72,20,98
2020-11-08T00:00:00Z,65,81,45,4,8,70,17,81
2020-11-09T00:00:00Z,84,101,45,6,9,73,13,101
2020-11-10T00:00:00Z,124,132,48,5,10,86,17,132
2020-11-11T00:00:00Z,99,98,42,4,9,84,16,99
2020-11-12T00:00:00Z,120,117,44,4,9,80,15,120
2020-11-13T00:00:00Z,152,121,39,5,10,78,14,152
2020-11-14T00:00:00Z,91,95,34,6,10,76,15,95
2020-11-15T00:00:00Z,100,97,28,8,9,63,15,100
2020-11-16T00:00:00Z,86,90,21,10,8,53,14,90
2020-11-17T00:00:00Z,67,84,20,8,8,54,15,84
2020-11-18T00:00:00Z,62,93,22,7,8,52,16,93
2020-11-19T00:00:00Z,72,91,27,4,7,39,17,91
2020-11-20T00:00:00Z,62,80,26,5,7,42,17,80
2020-11-21T00:00:00Z,64,84,29,4,8,41,15,84
2020-11-22T00:00:00Z,66,88,28,5,8,45,14,88
2020-11-23T00:00:00Z,76,92,28,6,9,50,15,92
2020-11-24T00:00:00Z,76,100,36,5,10,66,21,100
2020-11-25T00:00:00Z,130,123,42,4,10,75,16,130
2020-11-26T00:00:00Z,79,120,34,4,9,52,18,120
2020-11-27T00:00:00Z,76,102,18,6,11,42,12,102
2020-11-28T00:00:00Z,64,88,17,7,9,43,15,88
2020-11-29T00:00:00Z,48,65,20,6,10,45,19,65
2020-11-30T00:00:00Z,55,73,25,5,10,51,14,73
2020-12-01T00:00:00Z,86,99,28,5,11,61,17,99
2020-12-02T00:00:00Z,86,103,34,4,9,62,19,103
2020-12-03T00:00:00Z,85,109,34,4,10,70,19,109
2020-12-04T00:00:00Z,85,112,36,4,11,69,23,112
2020-12-05T00:00:00Z,93,120,39,4,12,76,15,120
2020-12-06T00:00:00Z,109,134,45,3,11,76,18,134
2020-12-07T00:00:00Z,112,127,37,4,12,72,18,127
2020-12-08T00:00:00Z,109,130,41,4,10,76,18,130
2020-12-09T00:00:00Z,90,122,41,4,11,73,18,122
2020-12-10T00:00:00Z,96,121,40,3,9,62,19,121
2020-12-11T00:00:00Z,91,122,31,4,10,50,16,122
2020-12-12T00:00:00Z,56,61,18,5,7,40,12,61
2020-12-13T00:00:00Z,73,72,25,4,8,44,14,73
2020-12-14T00:00:00Z,93,102,28,4,8,46,14,102
2020-12-15T00:00:00Z,85,102,23,5,12,145,12,145
2020-12-16T00:00:00Z,68,85,20,4,14,121,13,121
2020-12-17T00:00:00Z,64,89,24,4,15,40,16,89
2020-12-18T00:00:00Z,82,95,26,5,17,45,13,95
2020-12-19T00:00:00Z,72,92,23,5,17,41,13,92
2020-12-20T00:00:00Z,48,74,20,5,17,39,14,74
2020-12-21T00:00:00Z,44,64,22,5,19,44,13,64
2020-12-22T00:00:00Z,51,74,34,4,26,65,12,74
2020-12-23T00:00:00Z,68,89,35,5,24,59,16,89
2020-12-24T00:00:00Z,81,106,48,3,46,70,17,106
2020-12-25T00:00:00Z,-,-,-,-,-,63,15,63
2020-12-26T00:00:00Z,71,90,18,5,17,43,15,90
2020-12-27T00:00:00Z,86,95,34,4,30,63,14,95
2020-12-28T00:00:00Z,73,119,28,4,18,45,14,119
2020-12-29T00:00:00Z,-,135,33,4,22,65,13,135
2020-12-30T00:00:00Z,97,104,32,5,22,59,14,104
2020-12-31T00:00:00Z,74,91,28,5,21,57,16,91
2021-01-01T00:00:00Z,70,85,20,5,18,45,15,85
2021-01-02T00:00:00Z,87,92,24,4,19,46,10,92
2021-01-03T00:00:00Z,93,105,32,3,20,45,13,105
2021-01-04T00:00:00Z,90,98,31,3,18,45,14,98
2021-01-05T00:00:00Z,140,124,37,3,24,51,15,140
2021-01-06T00:00:00Z,119,122,27,4,18,45,15,122
2021-01-07T00:00:00Z,85,100,23,4,31,44,16,100
2021-01-08T00:00:00Z,66,85,24,4,17,45,13,85
2021-01-09T00:00:00Z,76,91,24,4,16,42,16,91
2021-01-10T00:00:00Z,78,90,22,4,16,42,15,90
2021-01-11T00:00:00Z,-,-,-,-,-,46,13,46
2021-01-12T00:00:00Z,60,75,19,5,16,42,14,75
2021-01-13T00:00:00Z,58,83,29,4,17,52,17,83
2021-01-14T00:00:00Z,61,84,39,4,15,43,17,84
2021-01-15T00:00:00Z,57,60,35,4,12,35,14,60
2021-01-16T00:00:00Z,44,56,34,5,24,42,13,56
2021-01-17T00:00:00Z,79,86,43,4,21,51,18,86
2021-01-18T00:00:00Z,107,97,39,4,14,41,15,107
2021-01-19T00:00:00Z,108,104,34,3,15,33,17,108
2021-01-20T00:00:00Z,94,101,31,3,16,34,16,101
2021-01-21T00:00:00Z,113,109,34,4,13,49,15,113
2021-01-22T00:00:00Z,100,104,36,4,13,45,17,104
2021-01-23T00:00:00Z,82,102,42,3,18,40,16,102
2021-01-24T00:00:00Z,90,95,25,5,13,31,16,95
2021-01-25T00:00:00Z,79,143,23,6,15,36,12,143
2021-01-26T00:00:00Z,72,115,28,4,15,41,17,115
2021-01-27T00:00:00Z,66,88,42,3,17,41,14,88
2021-01-28T00:00:00Z,63,88,39,4,21,41,16,88
2021-01-29T00:00:00Z,65,89,47,4,20,42,17,89
2021-01-30T00:00:00Z,64,90,41,4,17,47,16,90
2021-01-31T00:00:00Z,64,87,39,4,16,65,15,87
2021-02-01T00:00:00Z,72,90,42,4,9,57,17,90
2021-02-02T00:00:00Z,74,94,39,4,13,81,20,94
2021-02-03T00:00:00Z,102,114,51,3,11,83,16,114
2021-02-04T00:00:00Z,106,112,47,3,6,71,14,112
2021-02-05T00:00:00Z,107,105,38,3,11,37,17,107
2021-02-06T00:00:00Z,61,87,36,4,10,58,16,87
2021-02-07T00:00:00Z,57,88,33,5,8,70,26,88
2021-02-08T00:00:00Z,62,83,36,5,8,68,14,83
2021-02-09T00:00:00Z,61,85,33,6,9,77,15,85
2021-02-10T00:00:00Z,81,96,39,5,15,76,16,96
2021-02-11T00:00:00Z,101,106,49,4,8,69,16,106
2021-02-12T00:00:00Z,96,107,53,3,13,86,16,107
2021-02-13T00:00:00Z,106,112,48,4,11,90,17,112
2021-02-14T00:00:00Z,105,106,44,5,19,80,16,106
2021-02-15T00:00:00Z,120,119,46,5,15,80,18,120
2021-02-16T00:00:00Z,81,98,34,5,11,56,18,98
2021-02-17T00:00:00Z,72,90,34,5,9,53,19,90
2021-02-18T00:00:00Z,108,114,51,4,10,81,18,114
2021-02-19T00:00:00Z,73,95,33,6,9,57,17,95
2021-02-20T00:00:00Z,50,78,29,6,8,57,11,78
2021-02-21T00:00:00Z,46,67,25,8,-,59,21,67
2021-02-22T00:00:00Z,69,85,34,6,9,72,17,85
2021-02-23T00:00:00Z,87,103,41,6,17,79,19,103
2021-02-24T00:00:00Z,105,106,41,5,10,77,19,106
2021-02-25T00:00:00Z,122,125,52,5,10,77,19,125
2021-02-26T00:00:00Z,81,100,43,5,18,73,18,100
2021-02-27T00:00:00Z,80,104,41,6,14,44,19,104
2021-02-28T00:00:00Z,63,93,36,7,18,69,17,93
2021-03-01T00:00:00Z,83,110,39,6,9,63,20,110
2021-03-02T00:00:00Z,70,109,37,6,8,54,21,109
2021-03-03T00:00:00Z,62,104,36,5,18,36,20,104
2021-03-04T00:00:00Z,57,92,40,5,18,55,21,92
2021-03-05T00:00:00Z,90,103,40,4,11,76,18,103
2021-03-06T00:00:00Z,100,115,40,3,18,66,20,115
2021-03-07T00:00:00Z,94,104,40,4,20,49,17,104
2021-03-08T00:00:00Z,49,74,24,4,25,41,25,74
2021-03-09T00:00:00Z,52,73,23,4,19,41,20,73
2021-03-10T00:00:00Z,57,80,31,5,20,74,23,80
2021-03-11T00:00:00Z,64,88,32,4,12,51,19,88
2021-03-12T00:00:00Z,67,93,31,4,37,63,21,93
2021-03-13T00:00:00Z,54,78,19,6,19,29,18,78
2021-03-14T00:00:00Z,47,73,25,4,19,58,18,73
2021-03-15T00:00:00Z,49,85,17,6,20,34,20,85
2021-03-16T00:00:00Z,48,74,20,5,14,37,20,74
2021-03-17T00:00:00Z,51,90,23,4,15,39,23,90
2021-03-18T00:00:00Z,55,86,30,4,19,35,28,86
2021-03-19T00:00:00Z,47,73,29,4,18,67,18,73
2021-03-20T00:00:00Z,77,113,35,6,22,62,19,113
2021-03-21T00:00:00Z,106,123,33,5,31,62,19,123
2021-03-22T00:00:00Z,120,126,33,5,28,49,22,126
2021-03-23T00:00:00Z,83,114,29,6,28,66,20,114
2021-03-24T00:00:00Z,87,117,26,6,28,55,25,117
2021-03-25T00:00:00Z,68,109,15,6,16,31,23,109
2021-03-26T00:00:00Z,44,82,16,5,12,52,25,82
2021-03-27T00:00:00Z,52,78,13,4,14,40,24,78
2021-03-28T00:00:00Z,50,79,18,4,20,55,24,79
2021-03-29T00:00:00Z,54,74,25,4,14,69,26,74
2021-03-30T00:00:00Z,66,76,21,6,24,18,29,76
2021-03-31T00:00:00Z,60,78,18,5,22,47,23,78
2021-04-01T00:00:00Z,73,122,15,4,25,46,25,122
2021-04-02T00:00:00Z,71,110,19,4,21,70,25,110
2021-04-03T00:00:00Z,64,95,22,5,18,79,26,95
2021-04-04T00:00:00Z,71,95,22,4,14,74,22,95
2021-04-05T00:00:00Z,71,87,21,4,10,84,16,87
2021-04-06T00:00:00Z,71,91,16,5,13,41,22,91
2021-04-07T00:00:00Z,69,89,20,5,18,34,26,89
2021-04-08T00:00:00Z,63,86,18,4,17,40,24,86
2021-04-09T00:00:00Z,56,89,19,4,16,41,23,89
2021-04-10T00:00:00Z,71,101,19,4,19,43,24,101
2021-04-11T00:00:00Z,57,87,22,4,14,56,27,87
2021-04-12T00:00:00Z,64,82,17,4,22,47,26,82
2021-04-13T00:00:00Z,58,88,18,4,26,52,24,88
2021-04-14T00:00:00Z,47,67,13,4,18,44,28,67
2021-04-15T00:00:00Z,44,58,14,3,17,47,24,58
2021-04-16T00:00:00Z,48,55,13,4,21,47,27,55
2021-04-17T00:00:00Z,51,70,11,3,14,39,29,70
2021-04-18T00:00:00Z,58,103,13,3,9,49,22,103
2021-04-19T00:00:00Z,56,89,11,4,10,39,24,89
2021-04-20T00:00:00Z,51,64,16,3,14,55,23,64
2021-04-21T00:00:00Z,49,70,11,4,14,39,23,70
2021-04-22T00:00:00Z,58,101,11,4,13,41,28,101
2021-04-23T00:00:00Z,57,80,11,3,15,35,20,80
2021-04-24T00:00:00Z,49,69,9,3,16,32,21,69
2021-04-25T00:00:00Z,50,73,10,4,13,31,24,73
2021-04-26T00:00:00Z,50,63,17,5,11,54,28,63
2021-04-27T00:00:00Z,55,71,20,6,14,59,24,71
2021-04-28T00:00:00Z,60,94,11,5,28,38,28,94
2021-04-29T00:00:00Z,48,61,11,5,13,44,27,61
2021-04-30T00:00:00Z,41,54,10,5,13,37,28,54
2021-05-01T00:00:00Z,39,47,10,4,13,42,30,47
2021-05-02T00:00:00Z,43,59,10,4,18,36,27,59
2021-05-03T00:00:00Z,47,49,13,4,23,46,24,49
2021-05-04T00:00:00Z,39,38,14,4,12,44,28,44
2021-05-05T00:00:00Z,47,43,18,3,17,30,27,47
2021-05-06T00:00:00Z,43,43,17,3,17,36,34,43
2021-05-07T00:00:00Z,45,50,10,4,17,31,27,50
2021-05-08T00:00:00Z,45,50,10,4,15,34,28,50
2021-05-09T00:00:00Z,64,82,9,4,15,36,26,82
2021-05-10T00:00:00Z,59,70,8,4,14,36,26,70
2021-05-11T00:00:00Z,37,40,8,3,14,37,27,40
2021-05-12T00:00:00Z,39,40,8,3,12,38,25,40
2021-05-13T00:00:00Z,44,47,7,3,11,39,25,47
2021-05-14T00:00:00Z,44,48,9,3,10,40,26,48
2021-05-15T00:00:00Z,51,54,10,4,10,43,30,54
2021-05-16T00:00:00Z,54,61,19,3,11,58,30,61
2021-05-17T00:00:00Z,60,73,22,6,12,44,19,73
2021-05-18T00:00:00Z,31,30,8,4,8,43,16,43
2021-05-19T00:00:00Z,20,18,9,3,8,42,13,42
2021-05-20T00:00:00Z,17,17,7,3,7,29,17,29
2021-05-21T00:00:00Z,40,61,7,3,6,10,23,61
2021-05-22T00:00:00Z,48,67,7,3,6,13,21,67
2021-05-23T00:00:00Z,54,67,6,2,6,12,26,67
2021-05-24T00:00:00Z,53,67,6,3,7,11,25,67
2021-05-25T00:00:00Z,47,62,38,4,13,17,51,62
2021-05-25T00:00:00Z,47,62,38,4,13,17,51,62
2021-05-25T00:00:00Z,47,62,38,4,13,17,51,62
2021-05-25T00:00:00Z,47,62,38,4,13,17,51,62
2021-05-25T00:00:00Z,47,62,38,4,13,17,51,62
2021-05-25T00:00:00Z,47,62,38,4,13,17,51,62
2021-05-25T00:00:00Z,47,62,38,4,13,17,51,62
2021-05-25T00:00:00Z,47,62,38,4,13,17,51,62
2021-05-25T00:00:00Z,47,62,38,4,13,17,51,62
2021-05-25T00:00:00Z,47,62,38,4,13,17,51,62
2021-05-25T00:00:00Z,47,62,38,4,13,17,51,62
2021-06-05T00:00:00Z,-,-,-,-,-,11,17,17
2021-06-06T00:00:00Z,-,-,-,-,-,28,61,61
2021-06-06T00:00:00Z,-,-,-,-,-,28,61,61
2021-06-06T00:00:00Z,-,-,-,-,-,28,61,61
2021-06-09T00:00:00Z,-,-,-,-,-,17,20,20
2021-06-10T00:00:00Z,33,48,7,3,10,10,57,57
2021-06-10T00:00:00Z,33,48,7,3,10,10,57,57
2021-06-12T00:00:00Z,-,-,-,-,-,20,22,22
2021-06-12T00:00:00Z,-,-,-,-,-,20,22,22
2021-06-12T00:00:00Z,-,-,-,-,-,20,22,22
2021-06-12T00:00:00Z,-,-,-,-,-,20,22,22
2021-06-12T00:00:00Z,-,-,-,-,-,20,22,22
2021-06-12T00:00:00Z,-,-,-,-,-,20,22,22
2021-06-12T00:00:00Z,-,-,-,-,-,20,22,22
2021-06-19T00:00:00Z,-,-,-,-,-,89,12,89
2021-06-20T00:00:00Z,40,46,13,3,6,18,12,46
2021-06-21T00:00:00Z,45,52,12,4,6,18,9,52
2021-06-22T00:00:00Z,81,93,12,4,6,24,11,93
2021-06-23T00:00:00Z,85,103,12,3,7,30,16,103
2021-06-24T00:00:00Z,78,109,7,2,7,29,20,109
2021-06-25T00:00:00Z,55,80,10,2,7,33,16,80
2021-06-26T00:00:00Z,51,70,23,3,7,35,20,70
2021-06-27T00:00:00Z,-,-,-,-,-,39,18,39
2021-06-28T00:00:00Z,44,62,10,2,8,42,20,62
2021-06-29T00:00:00Z,42,59,11,2,7,49,19,59
2021-06-30T00:00:00Z,48,61,17,2,7,48,18,61
2021-07-01T00:00:00Z,43,54,11,3,8,50,19,54
2021-07-02T00:00:00Z,35,57,14,2,12,25,17,57
2021-07-03T00:00:00Z,34,57,24,3,16,29,19,57
2021-07-04T00:00:00Z,32,53,11,2,15,31,15,53
2021-07-05T00:00:00Z,38,56,9,2,14,33,14,56
2021-07-06T00:00:00Z,46,53,11,2,15,38,14,53
2021-07-07T00:00:00Z,46,56,34,4,15,38,18,56
2021-07-08T00:00:00Z,53,62,36,5,15,40,17,62
2021-07-09T00:00:00Z,46,67,15,3,10,14,17,67
2021-07-10T00:00:00Z,49,65,12,2,4,15,10,65
2021-07-11T00:00:00Z,46,59,21,3,4,17,15,59
2021-07-12T00:00:00Z,42,52,12,2,3,18,18,52
2021-07-13T00:00:00Z,34,30,17,3,3,43,16,43
2021-07-14T00:00:00Z,26,25,16,3,3,20,12,26
2021-07-15T00:00:00Z,29,30,12,3,3,28,14,30
2021-07-16T00:00:00Z,37,39,12,3,4,25,10,39
2021-07-17T00:00:00Z,35,32,16,3,3,19,13,35
2021-07-18T00:00:00Z,27,37,21,3,4,27,20,37
2021-07-19T00:00:00Z,22,28,21,4,4,24,16,28
2021-07-20T00:00:00Z,33,49,14,3,4,23,16,49
2021-07-21T00:00:00Z,33,48,19,3,6,25,10,48
2021-07-22T00:00:00Z,34,47,13,3,6,25,11,47
2021-07-23T00:00:00Z,50,77,20,3,6,25,17,77
2021-07-24T00:00:00Z,59,99,14,2,6,32,12,99
2021-07-25T00:00:00Z,48,60,18,2,8,35,16,60
2021-07-26T00:00:00Z,33,38,9,2,8,44,13,44
2021-07-27T00:00:00Z,30,28,10,2,7,35,9,35
2021-07-28T00:00:00Z,32,50,15,2,6,29,10,50
2021-07-29T00:00:00Z,28,41,15,2,6,33,11,41
2021-07-30T00:00:00Z,24,32,44,2,5,26,9,44
2021-07-30T00:00:00Z,24,32,44,2,5,26,9,44
2021-07-30T00:00:00Z,24,32,44,2,5,26,9,44
2021-07-30T00:00:00Z,24,32,44,2,5,26,9,44
2021-07-30T00:00:00Z,24,32,44,2,5,26,9,44
2021-07-30T00:00:00Z,24,32,44,2,5,26,9,44
2021-07-30T00:00:00Z,24,32,44,2,5,26,9,44
2021-07-30T00:00:00Z,24,32,44,2,5,26,9,44
2021-07-30T00:00:00Z,24,32,44,2,5,26,9,44
2021-07-30T00:00:00Z,24,32,44,2,5,26,9,44
2021-07-30T00:00:00Z,24,32,44,2,5,26,9,44
2021-07-30T00:00:00Z,24,32,44,2,5,26,9,44
2021-07-30T00:00:00Z,24,32,44,2,5,26,9,44
2021-07-30T00:00:00Z,24,32,44,2,5,26,9,44
2021-07-30T00:00:00Z,24,32,44,2,5,26,9,44
2021-07-30T00:00:00Z,24,32,44,2,5,26,9,44
2021-07-30T00:00:00Z,24,32,44,2,5,26,9,44
2021-07-30T00:00:00Z,24,32,44,2,5,26,9,44
2021-08-17T00:00:00Z,-,,-,-,-,8,2,8
2021-08-18T00:00:00Z,,,-,-,-,-,2,2
2021-08-18T00:00:00Z,,,-,-,-,-,2,2
2021-08-20T00:00:00Z,-,-,-,-,-,14,6,14
2021-08-21T00:00:00Z,45,75,12,2,7,22,12,75
2021-08-22T00:00:00Z,53,69,13,3,6,36,9,69
2021-08-23T00:00:00Z,45,65,14,3,6,40,15,65
2021-08-24T00:00:00Z,36,50,13,3,7,35,17,50
2021-08-25T00:00:00Z,34,49,11,2,8,53,15,53
2021-08-26T00:00:00Z,28,51,12,3,8,47,22,51
2021-08-27T00:00:00Z,34,67,13,2,8,17,14,67
2021-08-28T00:00:00Z,37,83,11,3,8,25,16,83
2021-08-29T00:00:00Z,47,80,10,3,9,36,17,80
2021-08-30T00:00:00Z,45,79,10,3,9,44,15,79
2021-08-31T00:00:00Z,40,56,10,3,9,56,10,56
2021-09-01T00:00:00Z,23,29,12,3,9,20,16,29
2021-09-02T00:00:00Z,29,26,13,3,9,24,12,29
2021-09-03T00:00:00Z,25,25,12,3,9,29,13,29
2021-09-04T00:00:00Z,27,27,12,3,9,34,11,34
2021-09-05T00:00:00Z,29,39,13,3,9,41,12,41
2021-09-06T00:00:00Z,26,34,12,3,10,46,14,46
2021-09-07T00:00:00Z,39,60,13,3,10,23,14,60
2021-09-08T00:00:00Z,32,44,11,3,10,20,13,44
2021-09-09T00:00:00Z,38,43,9,3,9,17,16,43
2021-09-10T00:00:00Z,25,26,12,3,10,28,10,28
2021-09-11T00:00:00Z,31,34,10,3,11,33,12,34
2021-09-12T00:00:00Z,28,-,10,3,12,39,12,39
2021-09-13T00:00:00Z,32,-,11,3,11,34,13,34
2021-09-14T00:00:00Z,32,29,11,3,10,20,13,32
2021-09-15T00:00:00Z,20,23,10,3,11,23,14,23
2021-09-16T00:00:00Z,23,22,11,3,11,18,12,23
2021-09-17T00:00:00Z,32,57,7,4,11,21,12,57
2021-09-18T00:00:00Z,35,41,5,4,12,23,10,41
2021-09-19T00:00:00Z,28,36,6,4,10,23,10,36
2021-09-20T00:00:00Z,34,34,10,2,10,28,9,34
2021-09-21T00:00:00Z,33,35,11,2,9,28,12,35
2021-09-22T00:00:00Z,-,-,-,-,-,29,5,29
2021-09-23T00:00:00Z,33,46,16,3,11,32,13,46
2021-09-24T00:00:00Z,35,41,15,3,12,19,10,41
2021-09-25T00:00:00Z,36,48,12,3,12,28,12,48
2021-09-26T00:00:00Z,38,45,11,3,12,25,10,45
2021-09-27T00:00:00Z,29,37,11,2,12,22,11,37
2021-09-28T00:00:00Z,38,44,13,3,11,21,10,44
2021-09-29T00:00:00Z,36,48,14,3,11,21,9,48
2021-09-30T00:00:00Z,16,28,17,3,10,11,22,28
2021-10-01T00:00:00Z,20,21,15,3,11,14,12,21
2021-10-02T00:00:00Z,39,54,12,3,12,30,11,54
2021-10-03T00:00:00Z,63,81,12,3,12,21,16,81
2021-10-04T00:00:00Z,-,-,-,-,-,25,16,25
2021-10-05T00:00:00Z,41,64,13,3,11,37,13,64
2021-10-06T00:00:00Z,43,71,14,3,12,26,13,71
2021-10-07T00:00:00Z,44,69,14,3,13,40,13,69
2021-10-08T00:00:00Z,-,66,12,3,13,23,15,66
2021-10-09T00:00:00Z,67,81,13,3,11,32,11,81
2021-10-10T00:00:00Z,79,92,20,3,13,24,15,92
2021-10-11T00:00:00Z,56,77,15,4,13,21,14,77
2021-10-12T00:00:00Z,78,103,14,3,11,27,13,103
2021-10-13T00:00:00Z,69,88,16,3,10,12,15,88
2021-10-14T00:00:00Z,56,80,13,3,11,13,19,80
2021-10-15T00:00:00Z,65,95,13,3,10,17,10,95
2021-10-16T00:00:00Z,57,96,15,3,10,15,14,96
2021-10-17T00:00:00Z,79,121,13,3,11,51,12,121
2021-10-18T00:00:00Z,82,88,15,3,10,19,10,88
2021-10-19T00:00:00Z,67,89,14,3,9,21,15,89
2021-10-20T00:00:00Z,48,89,12,3,10,14,13,89
2021-10-21T00:00:00Z,59,97,15,3,10,35,14,97
2021-10-22T00:00:00Z,64,92,13,3,10,32,12,92
2021-10-23T00:00:00Z,53,80,15,3,10,17,14,80
2021-10-24T00:00:00Z,31,58,12,3,10,11,7,58
2021-10-25T00:00:00Z,26,65,14,2,10,13,12,65
2021-10-26T00:00:00Z,28,101,15,3,12,32,12,101
2021-10-27T00:00:00Z,56,117,13,3,13,50,11,117
2021-10-28T00:00:00Z,89,105,15,2,11,30,13,105
2021-10-29T00:00:00Z,74,96,19,3,11,37,14,96
2021-10-30T00:00:00Z,76,111,14,3,13,28,12,111
2021-10-31T00:00:00Z,77,113,17,3,13,54,14,113
2021-11-01T00:00:00Z,92,107,23,2,15,52,12,107
2021-11-02T00:00:00Z,63,116,17,3,13,55,11,116
2021-11-03T00:00:00Z,46,89,18,3,12,44,12,89
2021-11-04T00:00:00Z,60,79,16,3,13,44,11,79
2021-11-05T00:00:00Z,86,93,24,3,17,33,12,93
2021-11-06T00:00:00Z,98,106,17,3,20,27,12,106
2021-11-07T00:00:00Z,93,87,15,2,14,29,12,93
2021-11-08T00:00:00Z,82,90,12,2,14,32,13,90
2021-11-09T00:00:00Z,84,95,15,3,13,47,12,95
2021-11-10T00:00:00Z,55,96,16,3,15,51,13,96
2021-11-11T00:00:00Z,80,97,20,3,15,67,13,97
2021-11-12T00:00:00Z,79,100,24,3,15,65,13,100
2021-11-13T00:00:00Z,86,106,18,4,14,28,15,106
2021-11-14T00:00:00Z,106,110,14,3,13,31,13,110
2021-11-15T00:00:00Z,154,128,12,3,14,49,11,154
2021-11-16T00:00:00Z,98,133,18,3,11,38,11,133
2021-11-17T00:00:00Z,63,120,11,3,10,30,14,120
2021-11-18T00:00:00Z,40,102,15,3,9,29,12,102
2021-11-19T00:00:00Z,66,86,15,3,8,25,12,86
2021-11-20T00:00:00Z,51,58,15,3,6,22,10,58
2021-11-21T00:00:00Z,26,44,12,3,7,21,9,44
2021-11-22T00:00:00Z,34,69,14,3,8,28,13,69
2021-11-23T00:00:00Z,26,70,18,4,5,25,14,70
2021-11-24T00:00:00Z,32,76,13,3,6,36,15,76
2021-11-25T00:00:00Z,30,87,17,3,6,47,12,87
2021-11-26T00:00:00Z,56,95,15,4,12,41,12,95
2021-11-27T00:00:00Z,84,86,16,3,5,46,12,86
2021-11-28T00:00:00Z,79,80,16,3,4,26,13,80
2021-11-29T00:00:00Z,63,69,18,3,7,27,11,69
2021-11-30T00:00:00Z,48,68,17,4,7,27,12,68
2021-12-01T00:00:00Z,50,69,21,4,7,27,11,69
2021-12-02T00:00:00Z,71,70,14,3,4,30,8,71
2021-12-03T00:00:00Z,42,37,11,2,3,24,10,42
2021-12-04T00:00:00Z,50,46,16,3,2,28,8,50
2021-12-05T00:00:00Z,82,71,15,3,3,39,11,82
2021-12-06T00:00:00Z,147,119,19,3,3,48,12,147
2021-12-07T00:00:00Z,96,93,14,3,7,45,10,96
2021-12-08T00:00:00Z,88,91,21,4,4,47,10,91
2021-12-09T00:00:00Z,77,82,20,3,4,38,10,82
2021-12-10T00:00:00Z,65,75,16,3,6,31,12,75
2021-12-11T00:00:00Z,73,81,14,3,5,40,12,81
2021-12-12T00:00:00Z,75,78,13,3,6,43,11,78
2021-12-13T00:00:00Z,85,86,19,4,13,48,13,86
2021-12-14T00:00:00Z,92,96,11,2,8,38,12,96
2021-12-15T00:00:00Z,69,87,11,2,5,43,9,87
2021-12-16T00:00:00Z,76,89,18,4,5,38,11,89
2021-12-17T00:00:00Z,68,85,16,3,5,39,8,85
2021-12-18T00:00:00Z,112,104,18,3,6,46,12,112
2021-12-19T00:00:00Z,83,89,16,3,8,39,13,89
2021-12-20T00:00:00Z,45,50,17,3,8,43,10,50
2021-12-21T00:00:00Z,44,62,24,4,10,74,9,74
2021-12-22T00:00:00Z,64,109,20,4,13,88,10,109
2021-12-23T00:00:00Z,79,128,20,3,8,72,11,128
2021-12-24T00:00:00Z,157,132,24,3,9,53,10,157
2021-12-25T00:00:00Z,118,110,18,3,5,37,12,118
2021-12-26T00:00:00Z,99,110,15,4,8,47,10,110
2021-12-27T00:00:00Z,133,126,17,3,5,38,11,133
2021-12-28T00:00:00Z,128,122,21,3,6,23,12,128
2021-12-29T00:00:00Z,60,56,17,3,2,15,9,60
2021-12-30T00:00:00Z,53,46,11,3,3,16,15,53
2021-12-31T00:00:00Z,52,58,16,3,4,12,15,58
2022-01-01T00:00:00Z,40,62,18,3,5,14,13,62
2022-01-02T00:00:00Z,22,60,16,2,4,24,12,60
2022-01-03T00:00:00Z,34,67,17,3,4,19,11,67
2022-01-04T00:00:00Z,55,75,23,4,4,36,12,75
2022-01-05T00:00:00Z,58,78,24,3,6,39,11,78
2022-01-06T00:00:00Z,63,93,25,3,5,16,10,93
2022-01-07T00:00:00Z,47,54,19,3,4,18,11,54
2022-01-08T00:00:00Z,33,47,18,3,4,30,12,47
2022-01-09T00:00:00Z,32,42,14,3,4,11,10,42
2022-01-10T00:00:00Z,23,36,13,3,4,10,11,36
2022-01-11T00:00:00Z,36,63,13,3,6,26,8,63
2022-01-12T00:00:00Z,69,81,19,4,7,29,8,81
2022-01-13T00:00:00Z,63,80,19,3,11,46,10,80
2022-01-14T00:00:00Z,63,83,23,3,10,44,10,83
2022-01-15T00:00:00Z,74,80,16,4,12,52,11,80
2022-01-16T00:00:00Z,72,76,18,3,10,43,18,76
2022-01-17T00:00:00Z,74,74,19,3,9,49,11,74
2022-01-18T00:00:00Z,108,101,22,4,12,64,10,108
2022-01-19T00:00:00Z,107,115,23,4,7,68,13,115
2022-01-20T00:00:00Z,110,110,23,4,11,57,10,110
2022-01-21T00:00:00Z,100,106,19,3,14,56,9,106
2022-01-22T00:00:00Z,68,84,16,3,8,29,11,84
2022-01-23T00:00:00Z,44,119,15,3,8,27,11,119
2022-01-24T00:00:00Z,106,163,16,3,7,36,9,163
2022-01-25T00:00:00Z,79,122,19,4,7,56,10,122
2022-01-26T00:00:00Z,90,119,18,3,13,55,9,119
2022-01-27T00:00:00Z,80,93,22,4,7,57,11,93
2022-01-28T00:00:00Z,81,92,20,4,9,52,12,92
2022-01-29T00:00:00Z,59,82,18,3,8,59,12,82
2022-01-30T00:00:00Z,83,92,17,3,12,78,10,92
2022-01-31T00:00:00Z,126,120,25,5,12,77,14,126
2022-02-01T00:00:00Z,187,138,23,4,10,68,13,187
2022-02-02T00:00:00Z,94,113,23,4,7,51,10,113
2022-02-03T00:00:00Z,64,91,20,4,8,53,12,91
2022-02-04T00:00:00Z,68,132,18,4,7,47,11,132
2022-02-05T00:00:00Z,108,162,22,3,13,65,14,162
2022-02-06T00:00:00Z,142,163,20,3,17,67,14,163
2022-02-07T00:00:00Z,99,127,22,2,14,69,13,127
2022-02-08T00:00:00Z,89,108,18,3,15,20,11,108
2022-02-09T00:00:00Z,66,91,18,3,9,26,11,91
2022-02-10T00:00:00Z,61,83,17,3,7,18,14,83
2022-02-11T00:00:00Z,50,75,21,3,9,38,13,75
2022-02-12T00:00:00Z,42,70,19,3,7,44,12,70
2022-02-13T00:00:00Z,50,71,18,3,10,49,11,71
2022-02-14T00:00:00Z,55,76,18,3,14,65,14,76
2022-02-15T00:00:00Z,66,88,20,3,22,36,13,88
2022-02-16T00:00:00Z,57,81,19,3,16,67,14,81
2022-02-17T00:00:00Z,59,81,20,3,10,60,14,81
2022-02-18T00:00:00Z,56,77,23,3,13,47,16,77
2022-02-19T00:00:00Z,52,76,19,2,28,43,12,76
2022-02-20T00:00:00Z,49,71,20,2,21,35,13,71
2022-02-21T00:00:00Z,43,68,16,2,14,49,21,68
2022-02-22T00:00:00Z,66,95,16,2,36,57,11,95
2022-02-23T00:00:00Z,69,98,16,2,24,57,13,98
2022-02-24T00:00:00Z,-,-,-,-,-,44,15,44
2022-02-25T00:00:00Z,68,135,17,3,12,69,14,135
2022-02-26T00:00:00Z,82,129,18,3,22,69,15,129
2022-02-27T00:00:00Z,99,128,18,3,27,52,15,128
2022-02-28T00:00:00Z,70,106,15,2,18,40,15,106
2022-03-01T00:00:00Z,63,101,15,2,12,53,13,101
2022-03-02T00:00:00Z,68,100,14,3,20,60,17,100
2022-03-03T00:00:00Z,51,76,13,2,14,30,13,76
2022-03-04T00:00:00Z,50,88,17,3,20,24,17,88
2022-03-05T00:00:00Z,45,77,16,3,19,46,13,77
2022-03-06T00:00:00Z,45,82,20,3,18,50,16,82
2022-03-07T00:00:00Z,63,91,15,3,25,49,19,91
2022-03-08T00:00:00Z,83,112,21,3,32,32,14,112
2022-03-09T00:00:00Z,70,100,17,3,30,32,14,100
2022-03-10T00:00:00Z,61,82,17,3,16,45,13,82
2022-03-11T00:00:00Z,56,106,15,2,19,45,18,106
2022-03-12T00:00:00Z,52,80,18,3,27,42,17,80
2022-03-13T00:00:00Z,43,65,17,3,18,47,16,65
2022-03-14T00:00:00Z,64,59,16,3,15,49,16,64
2022-03-15T00:00:00Z,66,-,15,2,22,38,17,66
2022-03-16T00:00:00Z,55,83,17,3,28,54,17,83
2022-03-17T00:00:00Z,51,94,19,3,31,37,21,94
2022-03-18T00:00:00Z,56,89,21,3,24,44,19,89
2022-03-19T00:00:00Z,48,73,20,4,21,44,19,73
2022-03-20T00:00:00Z,44,82,24,4,26,56,19,82
2022-03-21T00:00:00Z,52,112,23,4,27,49,19,112
2022-03-22T00:00:00Z,37,78,25,4,22,25,13,78
2022-03-23T00:00:00Z,36,70,25,4,22,19,20,70
2022-03-24T00:00:00Z,49,104,24,4,17,41,19,104
2022-03-25T00:00:00Z,40,79,20,4,22,43,19,79
2022-03-26T00:00:00Z,60,106,23,4,31,52,22,106
2022-03-27T00:00:00Z,64,114,21,4,31,52,19,114
2022-03-28T00:00:00Z,68,109,22,4,38,69,17,109
2022-03-29T00:00:00Z,64,108,22,4,43,63,18,108
2022-03-30T00:00:00Z,64,118,19,4,50,46,31,118
2022-03-31T00:00:00Z,58,109,21,4,49,61,25,109
2022-04-01T00:00:00Z,65,115,19,3,56,54,12,115
2022-04-02T00:00:00Z,85,143,18,3,36,47,26,143
2022-04-03T00:00:00Z,90,144,20,3,25,42,18,144
2022-04-04T00:00:00Z,56,109,21,4,15,47,22,109
2022-04-05T00:00:00Z,67,103,19,3,22,39,21,103
2022-04-06T00:00:00Z,60,101,23,4,24,67,19,101
2022-04-07T00:00:00Z,40,80,23,4,21,45,25,80
2022-04-08T00:00:00Z,45,80,21,4,21,49,23,80
2022-04-09T00:00:00Z,49,92,27,5,18,63,21,92
2022-04-10T00:00:00Z,50,102,27,5,28,39,23,102
2022-04-11T00:00:00Z,53,94,32,6,43,36,20,94
2022-04-12T00:00:00Z,53,93,22,4,26,47,21,93
2022-04-13T00:00:00Z,55,101,25,4,33,45,24,101
2022-04-14T00:00:00Z,63,112,32,4,23,65,23,112
2022-04-15T00:00:00Z,47,91,21,4,37,46,26,91
2022-04-16T00:00:00Z,68,110,21,4,28,34,20,110
2022-04-17T00:00:00Z,51,92,18,3,22,36,19,92
2022-04-18T00:00:00Z,49,93,25,4,22,36,22,93
2022-04-19T00:00:00Z,48,83,22,4,17,55,22,83
2022-04-20T00:00:00Z,45,80,22,4,21,50,25,80
2022-04-21T00:00:00Z,45,98,22,4,11,26,26,98
2022-04-22T00:00:00Z,37,102,26,4,12,37,24,102
2022-04-23T00:00:00Z,48,100,26,5,13,48,29,100
2022-04-24T00:00:00Z,44,83,24,4,15,58,22,83
2022-04-25T00:00:00Z,42,78,23,4,23,38,25,78
2022-04-26T00:00:00Z,37,70,26,4,27,41,20,70
2022-04-27T00:00:00Z,36,70,25,4,15,60,26,70
2022-04-28T00:00:00Z,47,84,30,4,18,67,22,84
2022-04-29T00:00:00Z,47,84,35,4,20,55,22,84
2022-04-30T00:00:00Z,48,90,18,3,95,6,3,95
2022-05-01T00:00:00Z,42,88,18,3,87,6,23,88
2022-05-02T00:00:00Z,43,81,18,3,5,6,23,81
2022-05-03T00:00:00Z,50,90,20,4,8,15,28,90
2022-05-04T00:00:00Z,48,98,22,4,15,14,21,98
2022-05-05T00:00:00Z,42,97,21,4,15,22,51,97
2022-05-06T00:00:00Z,52,98,21,3,7,40,28,98
2022-05-07T00:00:00Z,56,115,20,3,13,22,22,115
2022-05-08T00:00:00Z,66,125,23,4,12,34,26,125
2022-05-09T00:00:00Z,53,100,20,4,9,39,32,100
2022-05-10T00:00:00Z,44,83,24,4,9,25,24,83
2022-05-11T00:00:00Z,42,82,21,4,11,19,26,82
2022-05-12T00:00:00Z,42,83,23,4,9,20,28,83
2022-05-13T00:00:00Z,50,108,30,4,5,13,26,108
2022-05-14T00:00:00Z,58,112,26,4,12,7,27,112
2022-05-15T00:00:00Z,55,103,28,4,4,6,29,103
2022-05-16T00:00:00Z,46,94,32,6,5,7,23,94
2022-05-17T00:00:00Z,62,120,20,3,33,6,24,120
2022-05-18T00:00:00Z,81,155,25,5,55,10,26,155
2022-05-19T00:00:00Z,81,152,27,5,8,15,24,152
2022-05-20T00:00:00Z,69,128,25,4,13,8,24,128
2022-05-21T00:00:00Z,66,128,26,4,10,6,23,128
2022-05-22T00:00:00Z,53,141,26,5,7,13,31,141
2022-05-23T00:00:00Z,49,95,27,5,4,11,24,95
2022-05-24T00:00:00Z,43,99,25,4,4,9,21,99
2022-05-25T00:00:00Z,45,115,28,5,4,6,25,115
2022-05-26T00:00:00Z,47,97,21,4,5,8,29,97
2022-05-27T00:00:00Z,40,91,25,5,6,16,20,91
2022-05-28T00:00:00Z,28,78,26,5,7,13,28,78
2022-05-29T00:00:00Z,32,82,31,5,5,13,31,82
2022-05-30T00:00:00Z,40,95,23,4,4,14,22,95
2022-05-31T00:00:00Z,38,87,22,4,9,14,25,87
2022-06-01T00:00:00Z,28,71,25,5,13,8,61,71
2022-06-01T00:00:00Z,28,71,25,5,13,8,61,71
2022-06-03T00:00:00Z,-,-,-,-,-,8,22,22
2022-06-04T00:00:00Z,36,84,24,4,20,7,22,84
2022-06-05T00:00:00Z,31,74,31,6,21,14,29,74
2022-06-06T00:00:00Z,32,75,27,5,25,18,22,75
2022-06-07T00:00:00Z,35,76,35,5,25,18,23,76
2022-06-08T00:00:00Z,26,72,41,6,22,17,21,72
2022-06-09T00:00:00Z,32,66,25,5,18,15,21,66
2022-06-10T00:00:00Z,32,62,24,5,17,17,27,62
2022-06-11T00:00:00Z,32,74,26,4,18,15,21,74
2022-06-12T00:00:00Z,42,75,28,4,18,15,19,75
2022-06-13T00:00:00Z,33,67,24,4,22,15,24,67
2022-06-14T00:00:00Z,30,52,24,4,18,18,20,52
2022-06-15T00:00:00Z,38,67,19,3,15,17,20,67
2022-06-16T00:00:00Z,23,43,20,3,16,12,18,43
2022-06-17T00:00:00Z,30,70,22,3,15,12,18,70
2022-06-18T00:00:00Z,30,61,24,4,15,11,17,61
2022-06-19T00:00:00Z,27,59,25,4,18,12,18,59
2022-06-20T00:00:00Z,-,-,-,-,-,13,7,13
2022-06-21T00:00:00Z,29,65,24,4,18,13,17,65
2022-06-22T00:00:00Z,42,86,20,4,19,11,27,86
2022-06-23T00:00:00Z,59,109,23,4,16,23,20,109
2022-06-24T00:00:00Z,68,92,35,5,17,18,17,92
2022-06-25T00:00:00Z,69,89,25,4,20,15,19,89
2022-06-26T00:00:00Z,67,98,31,4,18,18,28,98
2022-06-27T00:00:00Z,69,116,22,4,17,20,19,116
2022-06-28T00:00:00Z,45,51,27,5,16,22,18,51
2022-06-29T00:00:00Z,33,48,28,4,16,20,17,48
2022-06-30T00:00:00Z,36,55,29,5,16,19,17,55
2022-07-01T00:00:00Z,34,60,28,5,18,19,19,60
2022-07-02T00:00:00Z,29,46,30,5,16,18,15,46
2022-07-03T00:00:00Z,32,53,32,5,15,20,17,53
2022-07-04T00:00:00Z,31,52,25,4,17,16,21,52
2022-07-05T00:00:00Z,30,48,23,4,17,15,16,48
2022-07-06T00:00:00Z,30,47,24,4,15,20,14,47
2022-07-07T00:00:00Z,24,25,21,4,13,13,13,25
2022-07-08T00:00:00Z,33,35,24,4,13,12,11,35
2022-07-09T00:00:00Z,21,28,22,4,13,12,10,28
2022-07-10T00:00:00Z,24,29,18,3,13,8,14,29
2022-07-11T00:00:00Z,28,37,18,4,11,6,11,37
2022-07-12T00:00:00Z,17,23,16,3,12,13,16,23
2022-07-13T00:00:00Z,-,-,-,-,-,13,26,26
2022-07-14T00:00:00Z,31,37,18,3,14,17,11,37
2022-07-15T00:00:00Z,36,35,23,3,15,19,9,36
2022-07-16T00:00:00Z,30,25,21,4,15,20,12,30
2022-07-17T00:00:00Z,20,25,20,4,15,18,15,25
2022-07-18T00:00:00Z,30,36,21,3,16,24,19,36
2022-07-19T00:00:00Z,33,53,21,3,14,35,17,53
2022-07-20T00:00:00Z,36,38,22,4,15,31,10,38
2022-07-21T00:00:00Z,29,31,19,3,21,30,14,31
2022-07-22T00:00:00Z,29,33,19,4,20,29,14,33
2022-07-23T00:00:00Z,30,41,20,3,19,27,14,41
2022-07-24T00:00:00Z,33,37,20,3,22,29,20,37
2022-07-25T00:00:00Z,21,18,17,3,23,32,12,32
2022-07-26T00:00:00Z,23,30,19,3,22,36,16,36
2022-07-27T00:00:00Z,23,25,17,3,22,30,11,30
2022-07-28T00:00:00Z,33,32,21,3,21,27,13,33
2022-07-29T00:00:00Z,31,36,18,3,19,24,13,36
2022-07-30T00:00:00Z,34,42,21,3,21,27,14,42
2022-07-31T00:00:00Z,38,56,20,4,21,28,14,56
2022-08-01T00:00:00Z,29,47,18,3,24,33,20,47
2022-08-02T00:00:00Z,30,49,21,4,22,34,13,49
2022-08-03T00:00:00Z,33,53,19,4,22,36,10,53
2022-08-04T00:00:00Z,32,55,14,2,18,10,13,55
2022-08-05T00:00:00Z,34,40,15,2,9,14,13,40
2022-08-06T00:00:00Z,36,37,14,3,8,17,19,37
2022-08-07T00:00:00Z,52,45,14,3,8,17,17,52
2022-08-08T00:00:00Z,50,48,11,2,9,15,15,50
2022-08-09T00:00:00Z,40,46,11,2,9,19,28,46
2022-08-10T00:00:00Z,40,38,11,2,9,19,13,40
2022-08-11T00:00:00Z,25,21,11,2,9,20,15,25
2022-08-12T00:00:00Z,20,18,15,3,8,20,10,20
2022-08-13T00:00:00Z,19,21,13,3,8,24,13,24
2022-08-14T00:00:00Z,22,27,11,3,8,26,12,27
2022-08-15T00:00:00Z,26,33,14,3,8,26,12,33
2022-08-16T00:00:00Z,20,24,14,2,8,29,8,29
2022-08-17T00:00:00Z,13,21,12,2,8,27,9,27
2022-08-18T00:00:00Z,12,17,13,2,7,27,15,27
2022-08-19T00:00:00Z,26,35,10,2,8,28,10,35
2022-08-20T00:00:00Z,15,22,12,3,8,28,12,28
2022-08-21T00:00:00Z,24,38,17,3,7,31,17,38
2022-08-22T00:00:00Z,32.5,55.5,14,2,8,30,17,55
2022-08-23T00:00:00Z,33,41,13,2,8,9,11,41
2022-08-24T00:00:00Z,16.5,19,6,-,2.5,14.5,10.5,19
2022-08-25T00:00:00Z,33.5,40.5,9,2,4,10,12,40
2022-08-26T00:00:00Z,38,56,14,3,3,4,22,56
2022-08-27T00:00:00Z,41,50,14,3,5,14,9,50
2022-08-28T00:00:00Z,57,69,16,3,8,10,13,69
2022-08-29T00:00:00Z,48,70,17,3,9,9,14,70
2022-08-30T00:00:00Z,46,64,14,2,7.5,11,17,64
2022-08-31T00:00:00Z,59,76,15,2,8,15,28,76
2022-09-01T00:00:00Z,66,64,18,3,8,12,13,66
2022-09-02T00:00:00Z,41,49,18,3,7,21,18,49
2022-09-03T00:00:00Z,64,71,19,4,6,18,13,71
2022-09-04T00:00:00Z,55,63,11,2,6,20,28,63
2022-09-05T00:00:00Z,40,55,10,2,6,13,22,55
2022-09-06T00:00:00Z,34,44,15,3,6,13.5,15,44
2022-09-07T00:00:00Z,35,54,15,3,8,37,15,54
2022-09-08T00:00:00Z,46,76,14,3,9,26,15,76
2022-09-09T00:00:00Z,38,70,14,2,8,19,17,70
2022-09-10T00:00:00Z,55,59,19,4,31,17,21,59
2022-09-11T00:00:00Z,27,33,13,3,7,21,12,33
2022-09-12T00:00:00Z,25,28,11,2,7,19,12,28
2022-09-13T00:00:00Z,28,31,14,3,5,29,15,31
2022-09-14T00:00:00Z,33,31,15,3,4,25,15,33
2022-09-15T00:00:00Z,28,31,10,2,3,25.5,24.5,31
2022-09-16T00:00:00Z,32,27,13,3,2,22,16,32
2022-09-17T00:00:00Z,40,48,15,3,2,20,27,48
2022-09-18T00:00:00Z,50,58,14,3,3,32,9,58
2022-09-19T00:00:00Z,41,56,9,2,3,15.5,30,56
2022-09-20T00:00:00Z,51,70,14,3,3,12,13,70
2022-09-21T00:00:00Z,40,61,16,3,4,16,15,61
2022-09-22T00:00:00Z,43.5,61.5,16,3,4,12,16.5,61
2022-09-23T00:00:00Z,35,49,16,3,6,11,12,49
2022-09-24T00:00:00Z,43,56.5,13,3,6,12,13,56
2022-09-25T00:00:00Z,42,54,14,3,8,14,14,54
2022-09-26T00:00:00Z,37,49,16,3,9,17,13,49
2022-09-27T00:00:00Z,50,59,12,2,8,30,16,59
2022-09-28T00:00:00Z,49,53,12,3,7,24,12,53
2022-09-29T00:00:00Z,49,58,10,3,8,25,12,58
2022-09-30T00:00:00Z,49,57,6,2,8,27,14,57
2022-10-01T00:00:00Z,39.5,49.5,6,2,9,32,12.5,49
2022-10-02T00:00:00Z,44,57,6,2,10,35,13,57
2022-10-03T00:00:00Z,35,49,6.5,2,10,55,14,55
2022-10-04T00:00:00Z,47,60,8,3,9,35,13,60
2022-10-05T00:00:00Z,46.5,52.5,8,3,8,23,12.5,52
2022-10-06T00:00:00Z,32.5,55.5,6,2,7,25,16,55
2022-10-07T00:00:00Z,41,90,7,2,7,22,22,90
2022-10-08T00:00:00Z,30.5,59.5,8,2,8.5,17.5,14,59
2022-10-09T00:00:00Z,28,-,6,2,6,16,14,28
2022-10-10T00:00:00Z,49,61,5,2,6,14,18,61
2022-10-11T00:00:00Z,63,71,6,2,5,18,15,71
2022-10-12T00:00:00Z,79,-,6,2,4,16,13,79
2022-10-13T00:00:00Z,101,,7,2,6,20,13,101
2022-10-14T00:00:00Z,72,,7,2,6,54,14,72
2022-10-15T00:00:00Z,75,,8,2,6,34,13,75
2022-10-16T00:00:00Z,70,-,6,2,8,54,16,70
2022-10-17T00:00:00Z,80,91,7,2,9,30,15,91
2022-10-18T00:00:00Z,68,88,9,3,7,36,12,88
2022-10-19T00:00:00Z,88,106,8,2,16,67,17,106
2022-10-20T00:00:00Z,79,98,8,3,18,61,13,98
2022-10-21T00:00:00Z,87,95,10,3,9,33,8,95
2022-10-22T00:00:00Z,64,83,9,2,9,36,14,83
2022-10-23T00:00:00Z,63,84,13,3,14,52,12,84
2022-10-24T00:00:00Z,87,101,13,3,20,65,17,101
2022-10-25T00:00:00Z,164,135,17,3,12,57,15,164
2022-10-26T00:00:00Z,158,130,14,3,17,64,21,158
2022-10-27T00:00:00Z,83,96,11,3,12,55,17,96
2022-10-28T00:00:00Z,108,120,11,2,11,69,18,120
2022-10-29T00:00:00Z,72,107,9,2,16,81,21,107
2022-10-30T00:00:00Z,64,100,9,2,10,62,16,100
2022-10-31T00:00:00Z,64,89,9,3,9,21,16,89
2022-11-01T00:00:00Z,72,105,8,3,11,80,13,105
2022-11-02T00:00:00Z,109,132,8,2,9,81,18,132
2022-11-03T00:00:00Z,116,149,8,3,18,57,14,149
2022-11-04T00:00:00Z,78,114,10,3,10,66,20,114
2022-11-05T00:00:00Z,76,112,8,3,9,71,14,112
2022-11-06T00:00:00Z,75,108,8,3,9,73,14,108
2022-11-07T00:00:00Z,76,102,8,3,9,60,15,102
2022-11-08T00:00:00Z,91,129,6,3,23,64,6,129
2022-11-09T00:00:00Z,139,134,6,2,10,49,27,139
2022-11-10T00:00:00Z,171,148,6,2,19,62,11,171
2022-11-11T00:00:00Z,96,104,6,2,19,63,20,104
2022-11-12T00:00:00Z,102,111,7,2,52,61,21,111
2022-11-13T00:00:00Z,84,88,7,2,71,64,13,88
2022-11-14T00:00:00Z,101,92,7,2,5,25,20,101
2022-11-15T00:00:00Z,83,88,8,3,6,64,23,88
2022-11-16T00:00:00Z,75,91,9,3,8,47,20,91
2022-11-17T00:00:00Z,49,71,8,3,5,32,15,71
2022-11-18T00:00:00Z,40,69,8,3,10,70,21,70
2022-11-19T00:00:00Z,36,58,7,3,8,43,11,58
2022-11-20T00:00:00Z,40,69,6,3,14,67,5,69
2022-11-21T00:00:00Z,43,67,7,2,19,63,6,67
2022-11-22T00:00:00Z,75,-,6,2,6,73,20,75
2022-11-23T00:00:00Z,85,103,-,-,12,65,15,103
2022-11-24T00:00:00Z,68,85,,,5,65,19,85
2022-11-25T00:00:00Z,64,77,,,6,65,19,77
2022-11-26T00:00:00Z,53,65,,,5,54,20,65
2022-11-27T00:00:00Z,51,63,,,7,76,5,76
2022-11-28T00:00:00Z,71,77,,,9,78,17,78
2022-11-29T00:00:00Z,74,82,,,10,81,18,82
2022-11-30T00:00:00Z,66,75,,,6,63,19,75
2022-12-01T00:00:00Z,59,73,-,-,8,33,18,73
2022-12-02T00:00:00Z,68,78,7,2,8,45,18,78
2022-12-03T00:00:00Z,75,80,7,2,11,40,22,80
2022-12-04T00:00:00Z,83,86,8,3,12,46,34,86
2022-12-05T00:00:00Z,89,87,8,3,15,47,15,89
2022-12-06T00:00:00Z,102,99,7,2,20,51,16,102
2022-12-07T00:00:00Z,100,98,-,-,18,51,18,100
2022-12-08T00:00:00Z,84,85,,,7,27,21,85
2022-12-09T00:00:00Z,53,64,,,8,51,22,64
2022-12-10T00:00:00Z,52,63,20,3,10,58,35,63
2022-12-11T00:00:00Z,62,70,14,3,12,45,44,70
2022-12-12T00:00:00Z,77,80,14,3,10,61,42,80
2022-12-13T00:00:00Z,82,89,10,3,13,51,28,89
2022-12-14T00:00:00Z,61,70,7,3,9,24,68,70
2022-12-15T00:00:00Z,45,59,6,3,11,25,-,59
2022-12-16T00:00:00Z,66,72,9,3,10,41,,72
2022-12-17T00:00:00Z,74,80,10,3,9,43,46,80
2022-12-18T00:00:00Z,65,82,13,3,9,48,25,82
2022-12-19T00:00:00Z,57,81,14,3,12,45,26,81
2022-12-20T00:00:00Z,62,90,13,3,10,41,28,90
2022-12-21T00:00:00Z,56,87,13,3,7,35,32,87
2022-12-22T00:00:00Z,58,88,-,-,7,35,33,88
2022-12-23T00:00:00Z,49,79,18,3,9,27,46,79
2022-12-24T00:00:00Z,53,77,16,3,7,35,45,77
2022-12-25T00:00:00Z,90,105,25,3,14,65,28,105
2022-12-26T00:00:00Z,91,111,21,3,9,67,33,111
2022-12-27T00:00:00Z,80,98,16,3,19,22,39,98
2022-12-28T00:00:00Z,-,-,-,-,-,63,-,63
2022-12-29T00:00:00Z,76,95,-,-,9,12,,95
2022-12-30T00:00:00Z,56,87,-,-,-,59,,87
2022-12-31T00:00:00Z,45,80,-,-,7,21,50,80
2023-01-01T00:00:00Z,64,87,27,3,7,24,37,87
2023-01-02T00:00:00Z,70,89,38,3,7,55,35,89
2023-01-03T00:00:00Z,84,104,33,3,8,63,29,104
2023-01-04T00:00:00Z,80,100,8,3,8,46,8,100
2023-01-05T00:00:00Z,53,81,-,3,7,23,6,81
2023-01-06T00:00:00Z,59,92,11,3,8,31,7,92
2023-01-07T00:00:00Z,61,83,14,-,8,39,3,83
2023-01-08T00:00:00Z,63,82,27,,7,67,3,82
2023-01-09T00:00:00Z,71,85,35,,7,70,4,85
2023-01-10T00:00:00Z,82,106,28,-,7,82,3,106
2023-01-11T00:00:00Z,100,117,6,3,8,81,3,117
2023-01-12T00:00:00Z,100,114,13,3,8,36,4,114
2023-01-13T00:00:00Z,52,90,14,3,8,12,4,90
2023-01-14T00:00:00Z,90,168,12,3,7,17,11,168
2023-01-15T00:00:00Z,74,92,11,3,6,22,9,92
2023-01-16T00:00:00Z,57,83,12,3,7,46,9,83
2023-01-17T00:00:00Z,74,103,12,3,8,73,6,103
2023-01-18T00:00:00Z,76,105,12,3,9,76,5,105
2023-01-19T00:00:00Z,67,95,10,3,8,60,6,95
2023-01-20T00:00:00Z,68,99,9,3,8,56,4,99
2023-01-21T00:00:00Z,80,116,10,3,8,27,5,116
2023-01-22T00:00:00Z,67,106,10,3,8,23,4,106
2023-01-23T00:00:00Z,59,88,10,3,8,27,4,88
2023-01-24T00:00:00Z,86,106,10,3,8,41,13,106
2023-01-25T00:00:00Z,150,137,11,3,8,30,14,150
2023-01-26T00:00:00Z,87,107,11,3,8,28,24,107
2023-01-27T00:00:00Z,66,100,-,-,54,6,-,100
2023-01-28T00:00:00Z,74,114,,,105,,,114
2023-01-29T00:00:00Z,81,97,,,105,,,105
2023-01-30T00:00:00Z,115,110,,,105,,,115
2023-01-31T00:00:00Z,83,91,-,-,46,34,26,91
2023-02-01T00:00:00Z,64,91,12,3,1,34,25,91
2023-02-02T00:00:00Z,50,82,10,3,2,33,26,82
2023-02-03T00:00:00Z,48,80,10,3,2,34,28,80
2023-02-04T00:00:00Z,58,87,10,3,3,49,26,87
2023-02-05T00:00:00Z,78,108,12,3,3,64,29,108
2023-02-06T00:00:00Z,78,100,12,3,7,66,30,100
2023-02-07T00:00:00Z,97,116,-,-,1,26,28,116
2023-02-08T00:00:00Z,82,108,14,3,2,49,28,108
2023-02-09T00:00:00Z,110,119,12,3,2,60,27,119
2023-02-10T00:00:00Z,122,127,12,3,4,69,25,127
2023-02-11T00:00:00Z,163,134,13,3,14,36,30,163
2023-02-12T00:00:00Z,59,87,14,3,6,45,26,87
2023-02-13T00:00:00Z,86,116,13,3,3,25,30,116
2023-02-14T00:00:00Z,63,104,11,3,4,68,31,104
2023-02-15T00:00:00Z,107,129,12,3,7,71,27,129
2023-02-16T00:00:00Z,134,125,13,3,11,77,27,134
2023-02-17T00:00:00Z,88,115,12,3,8,63,22,115
2023-02-18T00:00:00Z,86,116,14,3,6,78,21,116
2023-02-19T00:00:00Z,104,122,12,3,12,77,20,122
2023-02-20T00:00:00Z,136,137,12,3,8,70,20,137
2023-02-21T00:00:00Z,141,142,11,3,17,70,20,142
2023-02-22T00:00:00Z,104,123,13,3,17,56,20,123
2023-02-23T00:00:00Z,98,136,14,3,19,64,20,136
2023-02-24T00:00:00Z,87,112,14,3,10,60,21,112
2023-02-25T00:00:00Z,90,115,12,3,9,64,20,115
2023-02-26T00:00:00Z,90,108,13,3,8,58,20,108
2023-02-27T00:00:00Z,88,102,13,3,7,55,21,102
2023-02-28T00:00:00Z,95,108,12,3,8,55,20,108
2023-03-01T00:00:00Z,73,101,11,3,9,47,21,101
2023-03-02T00:00:00Z,94,115,12,3,12,60,21,115
2023-03-03T00:00:00Z,72,98,12,3,8,66,20,98
2023-03-04T00:00:00Z,93,114,12,3,7,66,21,114
2023-03-05T00:00:00Z,83,108,12,3,8,61,20,108
2023-03-06T00:00:00Z,51,95,11,3,6,65,20,95
2023-03-07T00:00:00Z,75,107,12,3,6,35,20,107
2023-03-08T00:00:00Z,36,37,13,3,6,62,20,62
2023-03-09T00:00:00Z,45,55,13,3,9,30,21,55
2023-03-10T00:00:00Z,26,35,13,3,4,63,22,63
2023-03-11T00:00:00Z,33,55,13,3,5,65,22,65
2023-03-12T00:00:00Z,42,59,12,3,5,68,21,68
2023-03-13T00:00:00Z,55,75,13,3,7,81,20,81
2023-03-14T00:00:00Z,66,85,13,3,9,53,24,85
2023-03-15T00:00:00Z,56,79,13,3,7,24,57,79
2023-03-16T00:00:00Z,63,88,14,3,10,14,35,88
2023-03-17T00:00:00Z,50,60,11,3,9,24,35,60
2023-03-18T00:00:00Z,88,89,15,3,5,11,43,89
2023-03-19T00:00:00Z,49,58,14,3,5,6,7,58
2023-03-20T00:00:00Z,26,31,14,3,4,12,7,31
2023-03-21T00:00:00Z,31,-,15,3,4,11,7,31
2023-03-22T00:00:00Z,49,,14,3,6,25,7,49
2023-03-23T00:00:00Z,42,,15,3,7,5,7,42
2023-03-24T00:00:00Z,34,,15,3,8,2,15,34
2023-03-25T00:00:00Z,31,-,15,3,6,31,15,31
2023-03-26T00:00:00Z,35,42,14,3,6,38,29,42
2023-03-27T00:00:00Z,41,55,14,3,6,33,29,55
2023-03-28T00:00:00Z,58,80,13,3,11,36,18,80
2023-03-29T00:00:00Z,48,61,13,3,9,54,20,61
2023-03-30T00:00:00Z,55,70,13,3,9,42,19,70
2023-03-31T00:00:00Z,45,60,15,3,6,35,26,60
2023-04-01T00:00:00Z,37,39,15,3,6,38,36,39
2023-04-02T00:00:00Z,42,52,15,3,5,22,30,52
2023-04-03T00:00:00Z,48,55,15,3,9,50,34,55
2023-04-04T00:00:00Z,60,72,15,3,8,18,33,72
2023-04-05T00:00:00Z,-,71,15,3,8,18,41,71
2023-04-06T00:00:00Z,-,83,15,3,6,18,19,83
2023-04-07T00:00:00Z,-,83,14,3,7,23,41,83
2023-04-08T00:00:00Z,63,82,14,3,7,24,46,82
2023-04-09T00:00:00Z,100,104,14,3,11,25,46,104
2023-04-10T00:00:00Z,88,93,14,3,9,24,46,93
2023-04-11T00:00:00Z,89,96,14,3,9,25,35,96
2023-04-12T00:00:00Z,78,92,14,3,12,25,24,92
2023-04-13T00:00:00Z,52,64,14,3,10,20,34,64
2023-04-14T00:00:00Z,53,78,15,3,9,20,17,78
2023-04-15T00:00:00Z,53,76,14,3,11,22,54,76
2023-04-16T00:00:00Z,59,76,14,3,14,22,18,76
2023-04-17T00:00:00Z,56,80,14,3,10,22,18,80
2023-04-18T00:00:00Z,57,81,15,3,10,22,33,81
2023-04-19T00:00:00Z,52,84,15,3,13,23,33,84
2023-04-20T00:00:00Z,62,113,14,3,9,19,24,113
2023-04-21T00:00:00Z,37,51,12,3,8,29,16,51
2023-04-22T00:00:00Z,43,68,12,2,6,51,12,68
2023-04-23T00:00:00Z,37,51,12,3,6,60,12,60
2023-04-24T00:00:00Z,37,55,12,3,7,42,52,55
2023-04-25T00:00:00Z,37,59,11,3,7,49,50,59
2023-04-26T00:00:00Z,51,75,10,3,8,75,16,75
2023-04-27T00:00:00Z,80,96,10,3,13,45,58,96
2023-04-28T00:00:00Z,51,65,13,3,11,45,39,65
2023-04-29T00:00:00Z,54,64,12,3,9,40,34,64
2023-04-30T00:00:00Z,52,44,13,3,4,32,22,52
2023-05-01T00:00:00Z,39,36,13,3,4,15,22,39
2023-05-02T00:00:00Z,40,38,12,3,5,6,48,48
2023-05-03T00:00:00Z,36,36,12,3,4,23,13,36
2023-05-04T00:00:00Z,43,43,13,2,4,26,25,43
2023-05-05T00:00:00Z,40,49,12,3,5,6,25,49
2023-05-06T00:00:00Z,49,65,12,3,8,22,36,65
2023-05-07T00:00:00Z,39,53,12,3,5,22,28,53
2023-05-08T00:00:00Z,51,69,12,3,5,22,26,69
2023-05-09T00:00:00Z,41,65,13,3,7,17,48,65
2023-05-10T00:00:00Z,50,82,12,2,8,21,19,82
2023-05-11T00:00:00Z,49,80,12,2,8,6,49,80
2023-05-12T00:00:00Z,49,72,12,3,12,22,30,72
2023-05-13T00:00:00Z,51,67,12,3,15,20,46,67
2023-05-14T00:00:00Z,46,61,12,3,20,20,40,61
2023-05-15T00:00:00Z,29,49,12,3,11,20,40,49
2023-05-16T00:00:00Z,37,50,15,3,8,25,42,50
2023-05-17T00:00:00Z,29,55,18,3,9,21,41,55
2023-05-18T00:00:00Z,29,37,18,3,10,21,17,37
2023-05-19T00:00:00Z,33,40,19,3,11,22,25,40
2023-05-20T00:00:00Z,30,54,17,2,9,17,58,58
2023-05-21T00:00:00Z,33,45,16,3,10,17,40,45
2023-05-22T00:00:00Z,34,41,17,3,10,17,26,41
2023-05-23T00:00:00Z,26,34,16,3,14,22,16,34
2023-05-24T00:00:00Z,28,34,16,2,13,24,38,38
2023-05-25T00:00:00Z,40,60,15,2,13,25,53,60
2023-05-26T00:00:00Z,31,65,14,3,16,25,29,65
2023-05-27T00:00:00Z,22,59,14,2,5,22,28,59
2023-05-28T00:00:00Z,30,51,14,3,4,22,28,51
2023-05-29T00:00:00Z,33,41,14,3,4,22,28,41
2023-05-30T00:00:00Z,-,-,16,3,1,28,32,32
2023-05-31T00:00:00Z,32,54,18,3,1,29,33,54
2023-06-01T00:00:00Z,50,80,21,3,5,29,-,80
2023-06-02T00:00:00Z,54,57,28,3,3,26,,57
2023-06-03T00:00:00Z,40,41,30,3,2,26,,41
2023-06-04T00:00:00Z,41,64,24,2,3,25,18,64
2023-06-05T00:00:00Z,35,49,17,2,4,26,5,49
2023-06-06T00:00:00Z,50,71,19,2,3,26,29,71
2023-06-07T00:00:00Z,43,82,12,2,9,26,10,82
2023-06-08T00:00:00Z,-,-,-,-,-,26,12,26
2023-06-09T00:00:00Z,32,58,9,2,6,28,25,58
2023-06-10T00:00:00Z,-,-,-,-,-,29,21,29
2023-06-11T00:00:00Z,18,47,5,2,8,29,18,47
2023-06-12T00:00:00Z,22,56,5,2,9,28,6,56
2023-06-13T00:00:00Z,29,59,4,2,6,22,23,59
2023-06-14T00:00:00Z,33,62,5,2,4,22,35,62
2023-06-15T00:00:00Z,37,59,5,2,4,22,31,59
2023-06-16T00:00:00Z,32,50,6,2,5,23,43,50
2023-06-17T00:00:00Z,32,47,5,1,5,22,32,47
2023-06-18T00:00:00Z,44,60,6,1,1,22,40,60
2023-06-19T00:00:00Z,52,68,4,1,2,23,39,68
2023-06-20T00:00:00Z,53,74,6,1,4,32,27,74
2023-06-21T00:00:00Z,54,70,5,1,8,35,29,70
2023-06-22T00:00:00Z,47,66,5,1,7,34,18,66
2023-06-23T00:00:00Z,40,58,5,1,7,34,20,58
2023-06-24T00:00:00Z,44,47,5,1,8,34,19,47
2023-06-25T00:00:00Z,47,44,5,1,8,34,42,47
2023-06-26T00:00:00Z,50,41,5,1,7,34,42,50
2023-06-27T00:00:00Z,36,33,6,1,7,34,28,36
2023-06-28T00:00:00Z,38,36,5,1,7,34,90,90
2023-06-29T00:00:00Z,46,37,4,1,8,34,28,46
2023-06-30T00:00:00Z,52,-,5,1,8,34,22,52
2023-07-01T00:00:00Z,-,-,6,1,-,34,-,34
2023-07-02T00:00:00Z,,,,,-,34,130,130
2023-07-03T00:00:00Z,26,45,-,-,6,34,28,45
2023-07-04T00:00:00Z,39,49,5,1,8,34,-,49
2023-07-05T00:00:00Z,41,56,5,1,8,34,,56
2023-07-06T00:00:00Z,41,55,7,1,8,26,22,55
2023-07-07T00:00:00Z,-,-,-,-,-,34,36,36
2023-07-08T00:00:00Z,40,51,5,3,7,16,28,51
2023-07-09T00:00:00Z,29,44,5,3,7,26,28,44
2023-07-10T00:00:00Z,21,40,4,3,7,33,31,40
2023-07-11T00:00:00Z,45,50,4,3,7,25,23,50
2023-07-12T00:00:00Z,55,68,4,3,7,39,29,68
2023-07-13T00:00:00Z,59,68,4,4,7,43,23,68
2023-07-14T00:00:00Z,55,87,4,3,7,42,29,87
2023-07-15T00:00:00Z,42,77,4,3,7,49,27,77
2023-07-16T00:00:00Z,42,70,4,3,7,52,26,70
2023-07-17T00:00:00Z,35,67,4,3,7,57,22,67
2023-07-18T00:00:00Z,42,77,2,3,7,22,23,77
2023-07-19T00:00:00Z,42,66,4,1,7,36,33,66
2023-07-20T00:00:00Z,-,-,4,1,6,53,30,53
2023-07-21T00:00:00Z,19,46,3,1,6,36,44,46
2023-07-22T00:00:00Z,48,65,5,1,6,50,36,65
2023-07-23T00:00:00Z,38,66,4,1,6,49,36,66
2023-07-24T00:00:00Z,20,36,3,1,6,54,40,54
2023-07-25T00:00:00Z,14,37,3,1,17,22,76,76
2023-07-26T00:00:00Z,-,-,3,1,5,23,,23
2023-07-27T00:00:00Z,56,-,4,1,5,16,,56
2023-07-28T00:00:00Z,38,68,4,1,5,37,,68
2023-07-29T00:00:00Z,36,45,3,1,5,19,34,45
2023-07-30T00:00:00Z,33,51,4,1,4,36,34,51
2023-07-31T00:00:00Z,30,43,3,1,5,31,30,43
2023-08-01T00:00:00Z,31,46,3,1,5,42,41,46
2023-08-02T00:00:00Z,30,32,3,1,6,5,-,32
2023-08-03T00:00:00Z,38,48,3,1,5,10,,48
2023-08-04T00:00:00Z,44,60,4,1,5,25,18,60
2023-08-05T00:00:00Z,50,67,4,1,5,30,22,67
2023-08-06T00:00:00Z,44,65,4,1,5,34,24,65
2023-08-07T00:00:00Z,44,59,3,1,5,28,27,59
2023-08-08T00:00:00Z,45,61,4,1,5,43,22,61
2023-08-09T00:00:00Z,45,64,4,1,5,56,20,64
2023-08-10T00:00:00Z,42,65,4,1,5,67,18,67
2023-08-11T00:00:00Z,44,64,4,1,5,23,23,64
2023-08-12T00:00:00Z,43,66,4,1,5,37,22,66
2023-08-12T00:00:00Z,43,66,4,1,5,37,22,66
2023-08-12T00:00:00Z,43,66,4,1,5,37,22,66
2023-08-15T00:00:00Z,-,-,-,-,-,55,21,55
2023-08-16T00:00:00Z,41,64,3,1,70,68,24,70
2023-08-17T00:00:00Z,44,64,3,1,70,84,23,84
2023-08-18T00:00:00Z,60,79,4,1,37,93,21,93
2023-08-19T00:00:00Z,50,71,4,1,8,96,21,96
2023-08-20T00:00:00Z,41,50,4,1,9,19,16,50
2023-08-21T00:00:00Z,34,28,3,1,8,17,15,34
2023-08-22T00:00:00Z,36,42,4,1,8,35,18,42
2023-08-23T00:00:00Z,34,58,4,1,7,33,20,58
2023-08-24T00:00:00Z,28,46,3,1,7,23,20,46
2023-08-25T00:00:00Z,26,49,2,1,6,20,21,49
2023-08-26T00:00:00Z,35,49,2,1,5,17,22,49
2023-08-27T00:00:00Z,46,61,1,1,6,16,28,61
2023-08-28T00:00:00Z,60,72,2,1,6,21,27,72
2023-08-29T00:00:00Z,44,63,2,1,6,35,23,63
2023-08-30T00:00:00Z,45,58,2,1,6,39,27,58
2023-08-31T00:00:00Z,59,63,2,1,6,30,27,63
2023-09-01T00:00:00Z,56,69,2,1,6,42,29,69
2023-09-02T00:00:00Z,62,76,3,1,6,41,29,76
2023-09-03T00:00:00Z,61,78,2,1,6,38,28,78
2023-09-04T00:00:00Z,64,76,1,1,5,29,33,76
2023-09-05T00:00:00Z,56,76,1,1,6,60,23,76
2023-09-06T00:00:00Z,53,73,1,1,6,54,20,73
2023-09-07T00:00:00Z,41,72,1,1,6,30,33,72
2023-09-08T00:00:00Z,27,27,2,1,6,30,29,30
2023-09-09T00:00:00Z,33,32,2,1,6,33,27,33
2023-09-10T00:00:00Z,40,51,2,1,6,22,25,51
2023-09-11T00:00:00Z,40,49,2,1,6,23,29,49
2023-09-12T00:00:00Z,39,50,2,1,6,22,29,50
2023-09-13T00:00:00Z,39,40,1,1,6,29,25,40
2023-09-14T00:00:00Z,40,49,1,1,6,28,26,49
2023-09-15T00:00:00Z,37,50,2,1,6,92,19,92
2023-09-16T00:00:00Z,41,44,1,1,6,55,14,55
2023-09-17T00:00:00Z,41,42,1,1,6,45,12,45
2023-09-18T00:00:00Z,23,27,1,1,6,33,17,33
2023-09-19T00:00:00Z,18,33,1,1,5,35,18,35
2023-09-20T00:00:00Z,26,46,1,1,5,19,18,46
2023-09-21T00:00:00Z,33,43,1,1,5,15,27,43
2023-09-22T00:00:00Z,49,58,2,1,6,14,26,58
2023-09-23T00:00:00Z,41,61,2,1,5,17,19,61
2023-09-24T00:00:00Z,53,72,3,1,6,15,20,72
2023-09-24T00:00:00Z,53,72,3,1,6,15,20,72
2023-09-26T00:00:00Z,-,-,,,-,-,21,21
2023-09-27T00:00:00Z,64,78,-,-,4,25,24,78
2023-09-28T00:00:00Z,60,72,9,2,5,-,26,72
2023-09-29T00:00:00Z,56,68,10,2,6,23,31,68
2023-09-30T00:00:00Z,78,-,10,1,6,152,21,152
2023-10-01T00:00:00Z,109,93,10,2,6,89,18,109
2023-10-02T00:00:00Z,50,58,9,2,6,73,36,73
2023-10-03T00:00:00Z,55,68,9,2,6,89,26,89
2023-10-04T00:00:00Z,45,54,10,2,6,93,25,93
2023-10-05T00:00:00Z,76,71,10,2,6,99,24,99
2023-10-06T00:00:00Z,87,65,10,1,6,73,19,87
2023-10-07T00:00:00Z,64,62,10,2,7,81,21,81
2023-10-08T00:00:00Z,66,71,10,2,6,66,25,71
2023-10-09T00:00:00Z,81,72,10,2,6,40,23,81
2023-10-10T00:00:00Z,62,73,10,1,6,63,19,73
2023-10-11T00:00:00Z,56,74,10,1,6,70,19,74
2023-10-12T00:00:00Z,70,98,10,1,5,65,20,98
2023-10-13T00:00:00Z,79,-,12,1,6,76,21,79
2023-10-14T00:00:00Z,73,84,12,1,6,56,20,84
2023-10-15T00:00:00Z,74,99,12,1,6,54,35,99
2023-10-16T00:00:00Z,44,87,12,1,6,53,12,87
2023-10-17T00:00:00Z,50,68,13,1,6,87,12,87
2023-10-18T00:00:00Z,80,81,14,1,6,66,10,81
2023-10-19T00:00:00Z,50,80,16,2,6,67,8,80
2023-10-20T00:00:00Z,53,108,17,2,6,63,18,108
2023-10-21T00:00:00Z,80,79,18,2,6,79,14,80
2023-10-22T00:00:00Z,69,73,18,2,6,71,14,73
2023-10-23T00:00:00Z,73,77,20,2,6,85,13,85
2023-10-24T00:00:00Z,78,91,21,2,7,55,18,91
2023-10-25T00:00:00Z,59,70,23,2,7,67,13,70
2023-10-26T00:00:00Z,66,81,23,2,7,88,11,88
2023-10-26T00:00:00Z,66,81,23,2,7,88,11,88
2023-10-28T00:00:00Z,-,-,-,-,-,93,7,93
2023-10-29T00:00:00Z,75,87,22,-,10,82,13,87
2023-10-30T00:00:00Z,68,69,19,1,7,87,18,87
2023-10-31T00:00:00Z,115,89,16,1,8,102,18,115
2023-11-01T00:00:00Z,128,87,15,1,8,89,24,128
2023-11-02T00:00:00Z,147,102,14,1,8,108,15,147
2023-11-03T00:00:00Z,142,99,16,1,7,96,14,142
2023-11-04T00:00:00Z,-,-,14,1,8,79,20,79
2023-11-05T00:00:00Z,111,-,12,1,7,152,21,152
2023-11-06T00:00:00Z,97,73,11,2,7,38,35,97
2023-11-07T00:00:00Z,77,85,12,1,7,86,13,86
2023-11-08T00:00:00Z,76,82,12,1,8,92,22,92
2023-11-09T00:00:00Z,89,82,13,1,8,85,20,89
2023-11-10T00:00:00Z,143,-,11,1,8,101,24,143
2023-11-11T00:00:00Z,83,93,11,1,9,88,22,93
2023-11-12T00:00:00Z,70,65,9,1,10,69,16,70
2023-11-13T00:00:00Z,79,56,15,2,11,90,18,90
2023-11-14T00:00:00Z,166,78,20,2,12,96,15,166
2023-11-15T00:00:00Z,111,88,16,2,11,85,20,111
2023-11-16T00:00:00Z,82,73,15,2,11,79,27,82
2023-11-17T00:00:00Z,87,86,15,1,11,64,22,87
2023-11-18T00:00:00Z,82,76,10,1,11,92,127,127
2023-11-19T00:00:00Z,93,78,7,1,11,90,15,93
2023-11-20T00:00:00Z,96,83,9,1,11,81,15,96
2023-11-21T00:00:00Z,93,83,8,2,10,64,13,93
2023-11-22T00:00:00Z,91,82,7,1,10,79,9,91
2023-11-23T00:00:00Z,86,89,8,,10,109,164,164
2023-11-24T00:00:00Z,72,72,8,-,10,87,6,87
2023-11-25T00:00:00Z,55,62,6,-,10,34,-,62
2023-11-26T00:00:00Z,57,54,5,-,11,30,,57
2023-11-27T00:00:00Z,60,51,6,-,10,22,,60
2023-11-28T00:00:00Z,44,,6,-,10,47,3,47
2023-11-29T00:00:00Z,79,-,6,-,9,64,3,79
2023-11-30T00:00:00Z,73,56,7,-,9,63,3,73
2023-12-01T00:00:00Z,88,-,8,-,10,41,3,88
2023-12-02T00:00:00Z,80,-,6,-,10,8,3,80
2023-12-03T00:00:00Z,37,-,9,1,9,30,3,37
2023-12-04T00:00:00Z,45,,13,1,9,32,3,45
2023-12-05T00:00:00Z,60,,12,1,10,40,3,60
2023-12-06T00:00:00Z,61,,12,1,10,23,36,61
2023-12-07T00:00:00Z,76,,13,1,10,32,23,76
2023-12-08T00:00:00Z,62,-,13,1,10,58,14,62
2023-12-09T00:00:00Z,54,65,15,2,10,65,19,65
2023-12-10T00:00:00Z,51,69,18,1,11,65,25,69
2023-12-11T00:00:00Z,52,64,17,2,11,74,25,74
2023-12-12T00:00:00Z,54,70,17,2,11,91,14,91
2023-12-13T00:00:00Z,61,71,16,2,11,87,13,87
2023-12-14T00:00:00Z,47,60,15,2,10,46,22,60
2023-12-15T00:00:00Z,42,60,15,2,11,41,26,60
2023-12-16T00:00:00Z,48,70,15,2,11,54,21,70
2023-12-17T00:00:00Z,58,80,15,2,11,59,22,80
2023-12-18T00:00:00Z,52,70,16,2,11,58,20,70
2023-12-19T00:00:00Z,48,72,15,2,11,33,20,72
2023-12-20T00:00:00Z,41,60,14,2,11,29,20,60
2023-12-21T00:00:00Z,40,54,15,2,12,38,20,54
2023-12-22T00:00:00Z,39,59,15,2,11,53,25,59
2023-12-23T00:00:00Z,38,58,14,2,10,51,15,58
2023-12-24T00:00:00Z,51,66,16,2,10,89,10,89
2023-12-25T00:00:00Z,58,71,18,2,10,87,10,87
2023-12-26T00:00:00Z,74,83,18,2,10,94,10,94
2023-12-27T00:00:00Z,111,-,16,2,8,94,29,111
2023-12-28T00:00:00Z,74,-,17,2,8,80,20,80
2023-12-29T00:00:00Z,51,79,14,2,7,27,29,79
2023-12-30T00:00:00Z,40,79,14,2,7,77,17,79
2023-12-31T00:00:00Z,57,83,18,2,8,58,15,83
2024-01-01T00:00:00Z,57,66,17,2,7,53,15,66
2024-01-02T00:00:00Z,60,69,15,2,7,54,15,69
2024-01-03T00:00:00Z,53,67,13,2,7,28,28,67
2024-01-04T00:00:00Z,47,74,13,2,9,50,17,74
2024-01-05T00:00:00Z,48,61,14,2,7,55,16,61
2024-01-06T00:00:00Z,52,95,12,2,4,57,16,95
2024-01-07T00:00:00Z,-,-,-,-,-,27,34,34
2024-01-08T00:00:00Z,-,-,-,-,-,11,31,31
2024-01-09T00:00:00Z,-,-,-,-,-,20,14,20
2024-01-10T00:00:00Z,52,69,13,2,6,20,29,69
2024-01-11T00:00:00Z,55,-,13,2,7,17,17,55
2024-01-12T00:00:00Z,42,64,11,2,9,20,15,64
2024-01-13T00:00:00Z,43,62,10,2,9,20,15,62
2024-01-14T00:00:00Z,43,49,10,2,9,20,15,49
2024-01-15T00:00:00Z,52,60,9,2,10,20,15,60
2024-01-16T00:00:00Z,58,62,8,2,10,20,15,62
2024-01-17T00:00:00Z,65,80,8,2,10,20,11,80
2024-01-18T00:00:00Z,48,75,7,2,9,20,12,75
2024-01-19T00:00:00Z,50,76,8,2,11,20,16,76
2024-01-20T00:00:00Z,-,-,-,-,-,20,8,20
2024-01-21T00:00:00Z,-,-,-,-,-,20,24,24
2024-01-21T00:00:00Z,-,-,-,-,-,20,24,24
2024-01-23T00:00:00Z,-,-,-,-,-,20,15,20
2024-01-24T00:00:00Z,58,86,6,2,13,20,13,86
2024-01-25T00:00:00Z,44,78,7,2,12,20,12,78
2024-01-26T00:00:00Z,38,76,6,2,13,20,20,76
2024-01-27T00:00:00Z,35,69,6,2,14,20,22,69
2024-01-28T00:00:00Z,38,69,7,2,15,20,18,69
2024-01-29T00:00:00Z,44,103,7,2,15,20,21,103
2024-01-30T00:00:00Z,54,89,7,2,15,20,16,89
2024-01-31T00:00:00Z,49,94,8,2,-,20,19,94
2024-02-01T00:00:00Z,49,98,9,2,-,20,9,98
2024-02-02T00:00:00Z,40,79,10,2,10,20,10,79
2024-02-03T00:00:00Z,41,89,10,2,10,20,12,89
2024-02-04T00:00:00Z,42,84,10,2,11,20,16,84
2024-02-05T00:00:00Z,53,100,10,2,11,20,27,100
2024-02-06T00:00:00Z,28,61,9,2,8,20,13,61
2024-02-07T00:00:00Z,32,74,9,2,8,20,18,74
2024-02-08T00:00:00Z,35,80,7,2,8,20,24,80
2024-02-09T00:00:00Z,25,82,4,2,8,20,20,82
2024-02-10T00:00:00Z,35,93,8,2,8,20,18,93
2024-02-11T00:00:00Z,32,56,9,2,10,20,27,56
2024-02-12T00:00:00Z,30,41,8,2,10,33,22,41
2024-02-13T00:00:00Z,38,61,7,2,10,46,21,61
2024-02-14T00:00:00Z,43,80,9,2,7,37,28,80
2024-02-15T00:00:00Z,39,70,9,2,8,33,28,70
2024-02-16T00:00:00Z,50,96,8,2,5,33,24,96
2024-02-17T00:00:00Z,48,98,10,2,5,51,17,98
2024-02-18T00:00:00Z,48,100,12,2,5,59,14,100
2024-02-19T00:00:00Z,43,99,12,2,6,30,19,99
2024-02-20T00:00:00Z,24,65,10,2,8,23,19,65
2024-02-21T00:00:00Z,32,67,13,2,8,48,13,67
2024-02-22T00:00:00Z,26,63,11,2,6,46,12,63
2024-02-23T00:00:00Z,26,71,11,2,6,35,20,71
2024-02-24T00:00:00Z,32,75,10,2,6,72,19,75
2024-02-25T00:00:00Z,33,73,8,2,9,58,18,73
2024-02-26T00:00:00Z,29,76,7,2,6,68,17,76
2024-02-27T00:00:00Z,30,94,8,2,6,78,16,94
2024-02-28T00:00:00Z,41,72,10,2,9,44,26,72
2024-02-29T00:00:00Z,35,72,9,2,7,71,19,72
2024-03-01T00:00:00Z,43,102,9,2,7,69,18,102
2024-03-02T00:00:00Z,46,99,9,2,9,42,19,99
2024-03-03T00:00:00Z,26,61,9,2,7,18,36,61
2024-03-04T00:00:00Z,15,30,9,2,5,35,-,35
2024-03-05T00:00:00Z,28,53,8,2,7,44,19,53
2024-03-06T00:00:00Z,35,54,6,1,6,45,40,54
2024-03-07T00:00:00Z,45,59,10,1,6,47,15,59
2024-03-08T00:00:00Z,49,67,16,1,7,53,6,67
2024-03-09T00:00:00Z,41,56,11,1,6,45,10,56
2024-03-10T00:00:00Z,38,59,10,1,6,61,19,61
2024-03-11T00:00:00Z,50,72,11,1,6,78,22,78
2024-03-12T00:00:00Z,54,81,13,1,7,59,7,81
2024-03-13T00:00:00Z,32,51,14,1,6,79,4,79
2024-03-14T00:00:00Z,41,66,14,1,7,49,22,66
2024-03-15T00:00:00Z,48,100,14,1,7,52,22,100
2024-03-16T00:00:00Z,58,99,14,1,10,74,10,99
2024-03-17T00:00:00Z,60,99,14,1,6,78,10,99
2024-03-18T00:00:00Z,43,78,12,1,6,50,25,78
2024-03-19T00:00:00Z,30,54,13,1,6,58,13,58
2024-03-20T00:00:00Z,44,68,15,1,6,91,8,91
2024-03-21T00:00:00Z,48,73,15,1,11,67,7,73
2024-03-22T00:00:00Z,40,73,13,1,6,90,12,90
2024-03-23T00:00:00Z,51,80,21,1,6,63,6,80
2024-03-24T00:00:00Z,45,76,20,2,14,47,5,76
2024-03-25T00:00:00Z,40,62,19,2,8,48,4,62
2024-03-26T00:00:00Z,41,65,18,1,8,51,7,65
2024-03-27T00:00:00Z,40,68,18,1,5,63,5,68
2024-03-28T00:00:00Z,42,76,18,1,6,54,6,76
2024-03-29T00:00:00Z,33,60,20,2,5,37,18,60
2024-03-30T00:00:00Z,38,83,20,2,7,31,18,83
2024-03-31T00:00:00Z,33,62,21,2,6,60,18,62
2024-04-01T00:00:00Z,42,85,21,2,5,52,18,85
2024-04-02T00:00:00Z,54,99,20,2,6,41,18,99
2024-04-03T00:00:00Z,44,72,20,1,6,51,14,72
2024-04-04T00:00:00Z,44,55,20,1,7,44,22,55
2024-04-05T00:00:00Z,40,55,19,1,8,51,22,55
2024-04-06T00:00:00Z,36,51,19,1,6,46,22,51
2024-04-07T00:00:00Z,31,51,20,2,8,31,-,51
2024-04-08T00:00:00Z,28,38,21,1,7,42,8,42
2024-04-09T00:00:00Z,56,80,22,1,6,53,33,80
2024-04-10T00:00:00Z,76,98,23,1,7,43,48,98
2024-04-11T00:00:00Z,59,83,18,1,8,38,51,83
2024-04-12T00:00:00Z,66,81,17,1,5,26,56,81
2024-04-13T00:00:00Z,43,51,16,1,5,41,33,51
2024-04-14T00:00:00Z,54,-,17,1,5,30,37,54
2024-04-15T00:00:00Z,47,67,18,2,4,28,29,67
2024-04-16T00:00:00Z,37,47,18,1,4,21,34,47
2024-04-17T00:00:00Z,28,48,18,1,4,31,24,48
2024-04-18T00:00:00Z,37,55,19,1,4,39,34,55
2024-04-19T00:00:00Z,39,52,18,1,5,47,16,52
2024-04-20T00:00:00Z,51,91,17,1,5,35,30,91
2024-04-21T00:00:00Z,36,59,20,1,5,40,27,59
2024-04-22T00:00:00Z,35,41,22,1,5,39,30,41
2024-04-23T00:00:00Z,32,-,21,1,6,43,25,43
2024-04-24T00:00:00Z,40,49,20,1,5,35,25,49
2024-04-25T00:00:00Z,46,63,21,1,5,34,31,63
2024-04-26T00:00:00Z,50,64,21,1,5,23,38,64
2024-04-27T00:00:00Z,39,49,20,1,5,30,21,49
2024-04-28T00:00:00Z,43,56,21,1,5,40,16,56
2024-04-29T00:00:00Z,43,63,46,4,6,59,18,63
2024-04-30T00:00:00Z,45,60,20,8,6,33,26,60
2024-05-01T00:00:00Z,44,72,54,2,6,51,16,72
2024-05-02T00:00:00Z,46,78,29,1,7,58,24,78
2024-05-03T00:00:00Z,63,94,20,1,9,63,35,94
2024-05-04T00:00:00Z,46,72,20,1,7,67,19,72
2024-05-05T00:00:00Z,42,96,40,5,7,46,13,96
2024-05-06T00:00:00Z,31,59,22,1,5,39,17,59
2024-05-07T00:00:00Z,40,59,20,1,5,49,24,59
2024-05-08T00:00:00Z,41,59,21,1,5,42,20,59
2024-05-09T00:00:00Z,36,59,19,1,5,49,22,59
2024-05-10T00:00:00Z,39,-,20,1,5,42,24,42
2024-05-11T00:00:00Z,39,51,26,1,5,41,27,51
2024-05-12T00:00:00Z,40,62,22,1,5,52,38,62
2024-05-13T00:00:00Z,42,64,21,1,5,45,45,64
2024-05-14T00:00:00Z,41,53,20,3,5,25,39,53
2024-05-15T00:00:00Z,40,-,20,2,5,53,47,53
2024-05-16T00:00:00Z,71,81,20,2,5,60,24,81
2024-05-17T00:00:00Z,48,66,37,5,5,28,38,66
2024-05-18T00:00:00Z,41,74,39,11,5,35,29,74
2024-05-19T00:00:00Z,50,75,15,4,4,43,32,75
2024-05-20T00:00:00Z,45,77,14,3,4,28,43,77
2024-05-21T00:00:00Z,33,43,14,3,4,30,36,43
2024-05-22T00:00:00Z,39,53,13,3,4,58,26,58
2024-05-22T00:00:00Z,39,53,13,3,4,58,26,58
2024-05-22T00:00:00Z,39,53,13,3,4,58,26,58
2024-05-25T00:00:00Z,-,-,-,-,-,38,31,38
2024-05-26T00:00:00Z,48,66,14,3,3,39,22,66
2024-05-27T00:00:00Z,60,73,14,3,3,34,30,73
2024-05-28T00:00:00Z,51,90,16,2,4,21,34,90
2024-05-29T00:00:00Z,63,76,19,2,4,18,44,76
2024-05-30T00:00:00Z,68,74,19,2,4,15,37,74
2024-05-31T00:00:00Z,71,76,20,2,4,14,36,76
2024-06-01T00:00:00Z,54,62,18,2,4,14,31,62
2024-06-02T00:00:00Z,59,67,18,2,4,13,38,67
2024-06-03T00:00:00Z,38,52,18,2,4,15,42,52
2024-06-04T00:00:00Z,51,80,18,2,4,15,40,80
2024-06-05T00:00:00Z,43,76,18,2,4,17,38,76
2024-06-06T00:00:00Z,35,118,19,2,3,22,30,118
2024-06-07T00:00:00Z,36,64,19,2,3,28,31,64
2024-06-08T00:00:00Z,37,83,18,2,3,20,36,83
2024-06-09T00:00:00Z,43,85,18,2,3,11,45,85
2024-06-10T00:00:00Z,40,73,17,2,3,6,32,73
2024-06-11T00:00:00Z,39,71,17,2,3,22,44,71
2024-06-12T00:00:00Z,30,69,18,2,3,21,18,69
2024-06-13T00:00:00Z,-,-,19,2,3,18,18,19
2024-06-14T00:00:00Z,31,-,17,2,2,17,18,31
2024-06-15T00:00:00Z,27,56,18,2,2,17,18,56
2024-06-16T00:00:00Z,30,48,21,2,2,24,18,48
2024-06-17T00:00:00Z,29,47,22,2,2,17,18,47
2024-06-18T00:00:00Z,29,41,22,2,2,17,18,41
2024-06-19T00:00:00Z,32,49,19,2,4,27,17,49
2024-06-20T00:00:00Z,29,40,17,2,6,21,22,40
2024-06-21T00:00:00Z,37,61,18,2,6,26,22,61
2024-06-22T00:00:00Z,39,79,18,2,6,24,19,79
2024-06-23T00:00:00Z,40,50,21,2,7,25,19,50
2024-06-24T00:00:00Z,52,55,23,2,7,22,19,55
2024-06-25T00:00:00Z,48,-,23,2,7,25,19,48
2024-06-26T00:00:00Z,59,,23,2,7,40,19,59
2024-06-27T00:00:00Z,38,,24,2,6,29,19,38
2024-06-28T00:00:00Z,26,-,21,2,6,32,17,32
2024-06-29T00:00:00Z,32,46,19,3,6,34,22,46
2024-06-30T00:00:00Z,39,47,19,3,6,33,22,47
2024-07-01T00:00:00Z,31,38,19,3,6,31,22,38
2024-07-02T00:00:00Z,30,35,19,3,6,32,22,35
2024-07-03T00:00:00Z,36,47,20,3,5,30,22,47
2024-07-04T00:00:00Z,48,63,19,3,5,20,22,63
2024-07-05T00:00:00Z,49,68,16,3,6,20,23,68
2024-07-06T00:00:00Z,46,63,18,3,5,34,22,63
2024-07-07T00:00:00Z,60,69,19,3,5,30,22,69
2024-07-08T00:00:00Z,66,80,18,3,6,26,22,80
2024-07-09T00:00:00Z,61,66,18,3,6,31,22,66
2024-07-10T00:00:00Z,47,62,18,3,6,37,12,62
2024-07-11T00:00:00Z,33,34,18,3,6,30,9,34
2024-07-12T00:00:00Z,37,-,18,3,6,31,9,37
2024-07-13T00:00:00Z,41,37,18,3,6,31,23,41
2024-07-14T00:00:00Z,-,-,18,3,6,36,22,36
2024-07-15T00:00:00Z,47,-,18,3,6,33,22,47
2024-07-16T00:00:00Z,41,-,18,3,6,38,11,41
2024-07-17T00:00:00Z,49,74,19,3,5,26,22,74
2024-07-18T00:00:00Z,40,54,18,3,5,23,21,54
2024-07-19T00:00:00Z,34,45,22,3,5,21,2,45
2024-07-20T00:00:00Z,32,33,35,4,6,21,11,35
2024-07-21T00:00:00Z,35,-,25,3,6,21,16,35
2024-07-22T00:00:00Z,34,32,-,-,6,23,19,34
2024-07-23T00:00:00Z,27,41,,,5,25,12,41
2024-07-24T00:00:00Z,-,-,-,-,-,26,10,26
2024-07-25T00:00:00Z,-,-,10,1,5,26,10,26
2024-07-26T00:00:00Z,43,74,10,1,5,27,12,74
2024-07-27T00:00:00Z,53,63,10,1,6,27,17,63
2024-07-28T00:00:00Z,49,52,10,1,5,34,17,52
2024-07-29T00:00:00Z,64,59,10,1,5,47,17,64
2024-07-30T00:00:00Z,55,57,10,1,5,43,17,57
2024-07-31T00:00:00Z,38,-,10,1,5,21,15,38
2024-08-01T00:00:00Z,47,46,10,1,5,21,9,47
2024-08-02T00:00:00Z,34,-,10,1,5,33,14,34
2024-08-03T00:00:00Z,29,34,10,1,5,35,12,35
2024-08-04T00:00:00Z,23,-,10,1,5,31,14,31
2024-08-05T00:00:00Z,35,34,10,1,6,25,13,35
2024-08-06T00:00:00Z,27,-,10,1,5,23,14,27
2024-08-07T00:00:00Z,33,48,10,1,5,24,13,48
2024-08-08T00:00:00Z,40,68,10,1,5,24,13,68
2024-08-09T00:00:00Z,48,76,10,1,5,27,15,76
2024-08-10T00:00:00Z,50,60,12,2,6,22,13,60
2024-08-11T00:00:00Z,32,27,11,2,6,22,18,32
2024-08-12T00:00:00Z,28,-,11,2,6,21,18,28
2024-08-13T00:00:00Z,38,,11,2,6,28,18,38
2024-08-14T00:00:00Z,42,-,11,2,6,23,16,42
2024-08-15T00:00:00Z,37,70,14,2,5,21,15,70
2024-08-16T00:00:00Z,44,-,16,2,6,22,11,44
2024-08-17T00:00:00Z,36,-,16,2,5,22,15,36
2024-08-18T00:00:00Z,33,47,16,2,4,18,17,47
2024-08-19T00:00:00Z,39,-,17,2,4,22,13,39
2024-08-20T00:00:00Z,49,49,17,2,5,30,12,49
2024-08-21T00:00:00Z,51,60,13,1,4,21,17,60
2024-08-22T00:00:00Z,41,47,15,2,4,26,18,47
2024-08-23T00:00:00Z,48,79,14,2,2,23,10,79
2024-08-24T00:00:00Z,49,-,14,2,3,21,11,49
2024-08-25T00:00:00Z,39,,13,2,2,26,11,39
2024-08-26T00:00:00Z,26,,16,2,2,17,15,26
2024-08-27T00:00:00Z,21,,16,2,2,17,12,21
2024-08-28T00:00:00Z,16,-,15,2,2,21,8,21
2024-08-29T00:00:00Z,20,46,16,2,2,19,11,46
2024-08-30T00:00:00Z,19,-,18,2,2,18,11,19
2024-08-31T00:00:00Z,31,60,19,2,3,17,12,60
2024-09-01T00:00:00Z,55,-,20,2,3,34,13,55
2024-09-02T00:00:00Z,62,76,17,2,3,20,14,76
2024-09-03T00:00:00Z,52,53,16,2,3,23,12,53
2024-09-04T00:00:00Z,23,-,16,2,3,20,13,23
2024-09-05T00:00:00Z,34,-,17,2,3,24,13,34
2024-09-06T00:00:00Z,45,-,18,2,4,36,14,45
2024-09-07T00:00:00Z,42,-,23,2,4,31,15,42
2024-09-08T00:00:00Z,60,69,22,2,4,32,17,69
2024-09-09T00:00:00Z,61,63,22,1,4,37,11,63
2024-09-10T00:00:00Z,63,86,21,2,4,33,16,86
2024-09-11T00:00:00Z,52,54,20,2,4,38,15,54
2024-09-12T00:00:00Z,51,65,20,2,4,40,19,65
2024-09-13T00:00:00Z,84,113,20,2,5,44,17,113
2024-09-14T00:00:00Z,49,73,23,2,4,35,11,73
2024-09-15T00:00:00Z,27,37,23,2,4,33,9,37
2024-09-16T00:00:00Z,37,52,23,2,4,65,9,65
2024-09-17T00:00:00Z,46,62,22,2,5,55,15,62
2024-09-18T00:00:00Z,37,65,16,2,5,37,23,65
2024-09-19T00:00:00Z,41,65,16,2,5,20,20,65
2024-09-20T00:00:00Z,36,67,19,2,4,21,13,67
2024-09-21T00:00:00Z,42,69,21,2,4,32,6,69
2024-09-22T00:00:00Z,50,64,15,2,4,27,2,64
2024-09-23T00:00:00Z,40,49,10,1,4,24,14,49
2024-09-24T00:00:00Z,43,-,10,1,5,24,-,43
2024-09-25T00:00:00Z,53,-,10,1,6,34,,53
2024-09-26T00:00:00Z,-,-,11,2,6,21,1,21
2024-09-27T00:00:00Z,-,-,20,4,6,28,11,28
2024-09-28T00:00:00Z,35,-,23,5,6,33,9,35
2024-09-29T00:00:00Z,19,40,19,4,5,40,9,40
2024-09-30T00:00:00Z,28,40,26,5,5,33,9,40
2024-10-01T00:00:00Z,32,44,20,4,5,35,8,44
2024-10-02T00:00:00Z,35,56,21,5,4,37,8,56
2024-10-03T00:00:00Z,31,50,16,4,4,29,8,50
2024-10-04T00:00:00Z,38,65,17,4,4,35,9,65
2024-10-05T00:00:00Z,37,61,15,3,4,30,-,61
2024-10-06T00:00:00Z,33,54,15,3,4,51,,54
2024-10-07T00:00:00Z,54,94,15,3,5,72,,94
2024-10-08T00:00:00Z,58,102,16,3,5,88,16,102
2024-10-09T00:00:00Z,64,107,17,4,5,76,26,107
2024-10-10T00:00:00Z,59,86,16,4,4,67,19,86
2024-10-11T00:00:00Z,67,94,17,4,5,48,17,94
2024-10-12T00:00:00Z,47,67,16,3,4,21,13,67
2024-10-13T00:00:00Z,38,50,20,3,4,19,15,50
2024-10-14T00:00:00Z,47,51,19,4,4,21,13,51
2024-10-15T00:00:00Z,37,42,17,4,5,38,18,42
2024-10-16T00:00:00Z,34,62,18,4,5,39,18,62
2024-10-17T00:00:00Z,56,80,18,4,6,52,23,80
2024-10-18T00:00:00Z,68,95,17,4,4,68,22,95
2024-10-19T00:00:00Z,68,91,22,4,4,63,29,91
2024-10-20T00:00:00Z,83,104,30,5,6,45,23,104
2024-10-21T00:00:00Z,36,56,31,4,7,19,14,56
2024-10-22T00:00:00Z,38,55,19,4,5,32,17,55
2024-10-23T00:00:00Z,52,76,22,5,5,44,24,76
2024-10-24T00:00:00Z,70,96,22,4,6,58,13,96
2024-10-25T00:00:00Z,78,100,27,5,7,73,14,100
2024-10-26T00:00:00Z,86,126,31,5,7,77,19,126
2024-10-27T00:00:00Z,60,164,22,4,6,76,17,164
2024-10-28T00:00:00Z,21,109,26,5,7,65,14,109
2024-10-29T00:00:00Z,36,109,25,6,7,92,21,109
2024-10-30T00:00:00Z,100,116,22,5,7,74,24,116
2024-10-31T00:00:00Z,109,117,19,4,6,74,18,117
2024-11-01T00:00:00Z,128,106,31,5,8,78,17,128
2024-11-02T00:00:00Z,122,110,38,5,10,77,15,122
2024-11-03T00:00:00Z,130,130,29,5,10,72,14,130
2024-11-04T00:00:00Z,111,134,37,6,11,82,16,134
2024-11-05T00:00:00Z,82,-,20,5,7,88,17,88
2024-11-06T00:00:00Z,90,96,23,4,6,98,21,98
2024-11-07T00:00:00Z,97,104,34,4,5,90,20,104
2024-11-08T00:00:00Z,89,100,36,4,7,94,16,100
2024-11-09T00:00:00Z,78,93,17,5,7,81,24,93
2024-11-10T00:00:00Z,59,94,17,5,7,91,13,94
2024-11-11T00:00:00Z,60,87,17,5,6,90,17,90
2024-11-12T00:00:00Z,59,88,17,5,7,91,21,91
2024-11-13T00:00:00Z,65,94,17,5,9,90,13,94
2024-11-14T00:00:00Z,69,99,17,5,9,88,16,99
2024-11-15T00:00:00Z,70,103,22,5,8,62,16,103
2024-11-16T00:00:00Z,95,132,23,6,7,79,17,132
2024-11-17T00:00:00Z,95,114,19,4,8,84,18,114
2024-11-18T00:00:00Z,61,90,18,4,6,60,17,90
2024-11-19T00:00:00Z,60,87,21,5,6,78,13,87
2024-11-20T00:00:00Z,62,97,29,5,7,93,15,97
2024-11-21T00:00:00Z,67,102,27,6,8,93,14,102
2024-11-22T00:00:00Z,68,106,21,5,7,69,15,106
2024-11-23T00:00:00Z,80,117,20,4,6,84,18,117
2024-11-24T00:00:00Z,80,124,17,4,6,92,15,124
2024-11-25T00:00:00Z,86,124,17,4,6,88,18,124
2024-11-26T00:00:00Z,72,104,27,5,7,91,14,104
2024-11-27T00:00:00Z,57,95,28,5,7,78,12,95
2024-11-28T00:00:00Z,62,100,32,6,9,93,19,100
2024-11-29T00:00:00Z,58,100,35,5,9,55,20,100
2024-11-30T00:00:00Z,47,83,28,5,5,57,16,83
2024-12-01T00:00:00Z,60,97,23,4,6,82,20,97
2024-12-02T00:00:00Z,74,108,18,5,6,68,17,108
2024-12-03T00:00:00Z,64,102,27,5,6,54,20,102
2024-12-04T00:00:00Z,62,102,26,5,7,70,21,102
2024-12-05T00:00:00Z,51,80,25,4,9,40,16,80
2024-12-06T00:00:00Z,47,73,17,4,7,46,14,73
2024-12-07T00:00:00Z,46,77,17,4,7,72,16,77
2024-12-08T00:00:00Z,55,95,30,5,9,76,15,95
2024-12-09T00:00:00Z,47,87,34,5,7,47,13,87
2024-12-10T00:00:00Z,39,99,34,5,7,65,4,99
2024-12-11T00:00:00Z,45,101,32,5,8,50,13,101
2024-12-12T00:00:00Z,47,90,26,5,7,75,15,90
2024-12-13T00:00:00Z,60,109,22,5,6,77,18,109
2024-12-14T00:00:00Z,47,106,19,4,5,44,14,106
2024-12-15T00:00:00Z,26,65,17,4,5,53,11,65
2024-12-16T00:00:00Z,32,75,17,4,5,82,16,82
2024-12-17T00:00:00Z,36,84,27,5,6,100,13,100
2024-12-18T00:00:00Z,49,107,28,4,5,73,10,107
2024-12-19T00:00:00Z,44,86,17,4,4,70,14,86
2024-12-20T00:00:00Z,57,107,17,4,4,60,5,107
2024-12-21T00:00:00Z,61,116,17,4,4,43,5,116
2024-12-22T00:00:00Z,73,130,17,4,4,41,5,130
2024-12-23T00:00:00Z,64,110,17,4,3,27,5,110
2024-12-23T00:00:00Z,64,110,17,4,3,27,5,110
2024-12-25T00:00:00Z,-,-,-,-,-,30,5,30
2024-12-26T00:00:00Z,79,123,17,4,3,23,5,123
2024-12-27T00:00:00Z,85,121,17,4,4,49,5,121
2024-12-28T00:00:00Z,82,116,17,4,3,12,5,116
2024-12-29T00:00:00Z,71,104,17,4,3,17,5,104
2024-12-30T00:00:00Z,46,70,17,4,3,6,5,70
2024-12-31T00:00:00Z,36,62,17,4,3,68,5,68
2025-01-01T00:00:00Z,43,72,17,4,3,12,5,72
2025-01-02T00:00:00Z,44,67,17,4,4,50,18,67
2025-01-03T00:00:00Z,39,-,18,4,4,61,12,61
2025-01-04T00:00:00Z,43,89,24,5,4,72,17,89
2025-01-05T00:00:00Z,60,107,24,5,4,60,20,107
2025-01-06T00:00:00Z,70,110,24,5,4,23,14,110
2025-01-07T00:00:00Z,56,101,24,5,4,27,14,101
2025-01-08T00:00:00Z,45,81,23,5,4,61,16,81
2025-01-09T00:00:00Z,56,97,24,5,4,62,22,97
2025-01-10T00:00:00Z,42,75,24,5,4,40,22,75
2025-01-11T00:00:00Z,42,70,23,5,4,69,22,70
2025-01-12T00:00:00Z,-,-,-,-,-,46,22,46
2025-01-13T00:00:00Z,50,82,24,5,4,39,22,82
2025-01-14T00:00:00Z,39,72,24,5,4,48,22,72
2025-01-15T00:00:00Z,42,65,24,5,4,40,22,65
2025-01-16T00:00:00Z,48,73,23,6,5,41,22,73
2025-01-17T00:00:00Z,44,76,24,6,4,32,22,76
2025-01-18T00:00:00Z,45,79,24,5,3,25,22,79
2025-01-19T00:00:00Z,50,75,24,5,3,44,22,75
2025-01-20T00:00:00Z,62,89,24,5,3,64,22,89
2025-01-21T00:00:00Z,68,112,24,5,4,61,22,112
2025-01-22T00:00:00Z,72,116,24,5,3,70,22,116
2025-01-23T00:00:00Z,75,104,24,5,3,34,22,104
2025-01-24T00:00:00Z,51,78,24,5,3,17,23,78
2025-01-25T00:00:00Z,35,59,24,5,3,24,22,59
2025-01-26T00:00:00Z,35,58,24,5,3,52,22,58
2025-01-27T00:00:00Z,50,81,24,5,3,58,22,81
2025-01-28T00:00:00Z,50,90,24,5,4,65,22,90
2025-01-29T00:00:00Z,51,83,24,5,5,68,22,83
2025-01-30T00:00:00Z,64,99,24,5,4,53,23,99
2025-01-31T00:00:00Z,53,71,23,6,5,60,22,71
2025-02-01T00:00:00Z,56,87,24,5,5,50,22,87
2025-02-02T00:00:00Z,45,80,24,5,5,41,22,80
2025-02-03T00:00:00Z,53,92,24,5,5,60,22,92
2025-02-04T00:00:00Z,56,91,24,5,4,34,22,91
2025-02-05T00:00:00Z,48,80,24,5,4,19,22,80
2025-02-06T00:00:00Z,42,79,24,5,4,57,22,79
2025-02-07T00:00:00Z,42,92,24,5,4,15,22,92
2025-02-08T00:00:00Z,28,63,23,5,3,32,23,63
2025-02-09T00:00:00Z,32,66,24,5,4,60,22,66
2025-02-10T00:00:00Z,52,82,23,5,4,50,22,82
2025-02-11T00:00:00Z,54,83,24,5,4,62,22,83
2025-02-12T00:00:00Z,68,86,24,5,4,66,22,86
2025-02-13T00:00:00Z,42,79,24,5,4,43,22,79
2025-02-14T00:00:00Z,41,71,24,5,3,74,22,74
2025-02-15T00:00:00Z,71,104,24,5,3,67,22,104
2025-02-16T00:00:00Z,64,96,23,5,5,37,22,96
2025-02-17T00:00:00Z,50,73,24,5,4,44,22,73
2025-02-18T00:00:00Z,41,63,23,5,4,44,22,63
2025-02-19T00:00:00Z,47,70,24,5,3,29,22,70
2025-02-20T00:00:00Z,42,66,24,5,3,32,22,66
2025-02-21T00:00:00Z,27,57,24,5,4,54,22,57
2025-02-22T00:00:00Z,62,101,24,5,3,33,22,101
2025-02-23T00:00:00Z,44,83,24,5,3,53,22,83
2025-02-24T00:00:00Z,50,87,24,5,3,41,22,87
2025-02-25T00:00:00Z,42,79,24,5,4,46,22,79
2025-02-26T00:00:00Z,34,62,24,5,5,49,22,62
2025-02-27T00:00:00Z,37,62,24,5,5,53,22,62
2025-02-28T00:00:00Z,47,87,-,-,5,60,22,87
